232,350,16,14,MO,15,6
231,350,16,24,MO,15,6
219,350,16,34,MO,15,6
227,350,16,44,MO,15,6
236,350,16,54,MO,15,6
228,350,17,4,MO,15,6
235,350,17,14,MO,15,6
246,350,17,24,MO,15,6
260,350,17,34,MO,15,6
258,350,17,44,MO,15,6
265,350,17,54,MO,15,6
271,350,18,4,MO,15,6
279,350,18,14,MO,15,6
278,350,18,24,MO,15,6
258,350,18,34,MO,15,6
272,350,18,45,MO,15,6
286,350,18,56,MO,15,6
292,350,19,6,MO,15,6
299,350,19,16,MO,15,6
304,350,19,26,MO,15,6
308,350,19,36,MO,15,6
315,350,19,46,MO,15,6
305,350,19,56,MO,15,6
293,350,20,6,MO,15,6
296,350,20,16,MO,15,6
291,350,20,26,MO,15,6
285,350,20,36,MO,15,6
268,350,20,46,MO,15,6
242,350,20,56,MO,15,6
229,350,21,6,MO,15,6
217,350,21,16,MO,15,6
191,350,21,26,MO,15,6
166,350,21,36,MO,15,6
144,350,21,46,MO,15,6
112,350,21,56,MO,15,6
65,350,22,6,MO,15,6
43,350,22,16,MO,15,6
42,350,22,26,MO,15,6
42,350,22,36,MO,15,6
42,350,22,46,MO,15,6
42,350,22,56,MO,15,6
42,350,23,6,MO,15,6
42,350,23,16,MO,15,6
42,350,23,26,MO,15,6
42,350,23,36,MO,15,6
42,350,23,46,MO,15,6
42,350,23,56,MO,15,6
42,350,0,6,DI,16,6
42,350,0,17,DI,16,6
42,350,0,27,DI,16,6
42,350,0,37,DI,16,6
42,350,0,47,DI,16,6
42,350,0,57,DI,16,6
0,350,1,7,DI,16,6
0,350,1,17,DI,16,6
0,350,1,27,DI,16,6
0,350,1,37,DI,16,6
0,350,1,47,DI,16,6
0,350,1,57,DI,16,6
0,350,2,7,DI,16,6
0,350,2,17,DI,16,6
0,350,2,27,DI,16,6
0,350,2,37,DI,16,6
0,350,2,47,DI,16,6
0,350,2,57,DI,16,6
0,350,3,7,DI,16,6
0,350,3,17,DI,16,6
0,350,3,27,DI,16,6
0,350,3,37,DI,16,6
0,350,3,47,DI,16,6
0,350,3,57,DI,16,6
0,350,4,7,DI,16,6
0,350,4,17,DI,16,6
0,350,4,27,DI,16,6
0,350,4,37,DI,16,6
0,350,4,47,DI,16,6
0,350,4,57,DI,16,6
0,350,5,7,DI,16,6
0,350,5,17,DI,16,6
0,350,5,27,DI,16,6
0,350,5,37,DI,16,6
0,350,5,47,DI,16,6
0,350,5,57,DI,16,6
0,350,6,7,DI,16,6
0,350,6,17,DI,16,6
0,350,6,27,DI,16,6
0,350,6,37,DI,16,6
0,350,6,47,DI,16,6
0,350,6,58,DI,16,6
0,350,7,8,DI,16,6
0,350,7,18,DI,16,6
0,350,7,28,DI,16,6
8,350,7,38,DI,16,6
8,350,7,48,DI,16,6
8,350,7,58,DI,16,6
9,350,8,8,DI,16,6
9,350,8,18,DI,16,6
9,350,8,28,DI,16,6
9,350,8,38,DI,16,6
9,350,8,48,DI,16,6
10,350,8,58,DI,16,6
37,350,9,8,DI,16,6
50,350,9,19,DI,16,6
62,350,9,29,DI,16,6
72,350,9,39,DI,16,6
74,350,9,49,DI,16,6
78,350,9,59,DI,16,6
86,350,10,9,DI,16,6
94,350,10,19,DI,16,6
105,350,10,29,DI,16,6
116,350,10,39,DI,16,6
121,350,10,49,DI,16,6
123,350,10,59,DI,16,6
122,350,11,9,DI,16,6
123,350,11,19,DI,16,6
119,350,11,29,DI,16,6
116,350,11,39,DI,16,6
115,350,11,49,DI,16,6
119,350,11,59,DI,16,6
120,350,12,9,DI,16,6
119,350,12,19,DI,16,6
115,350,12,29,DI,16,6
113,350,12,39,DI,16,6
109,350,12,49,DI,16,6
108,350,12,59,DI,16,6
117,350,13,9,DI,16,6
115,350,13,19,DI,16,6
121,350,13,29,DI,16,6
124,350,13,39,DI,16,6
128,350,13,50,DI,16,6
137,350,14,0,DI,16,6
147,350,14,10,DI,16,6
152,350,14,20,DI,16,6
162,350,14,30,DI,16,6
162,350,14,40,DI,16,6
168,350,14,50,DI,16,6
175,350,15,0,DI,16,6
185,350,15,10,DI,16,6
186,350,15,20,DI,16,6
195,350,15,30,DI,16,6
197,350,15,40,DI,16,6
201,350,15,50,DI,16,6
203,350,16,0,DI,16,6
218,350,16,10,DI,16,6
232,350,16,20,DI,16,6
240,350,16,30,DI,16,6
249,350,16,40,DI,16,6
251,350,16,50,DI,16,6
254,350,17,0,DI,16,6
271,350,17,10,DI,16,6
281,350,17,20,DI,16,6
302,350,17,30,DI,16,6
316,350,17,40,DI,16,6
330,350,17,50,DI,16,6
343,350,18,0,DI,16,6
342,350,18,10,DI,16,6
336,350,18,20,DI,16,6
348,350,18,30,DI,16,6
350,350,18,40,DI,16,6
350,350,18,51,DI,16,6
352,350,19,1,DI,16,6
351,350,19,12,DI,16,6
345,350,19,22,DI,16,6
337,350,19,32,DI,16,6
345,350,19,42,DI,16,6
348,350,19,52,DI,16,6
346,350,20,2,DI,16,6
333,350,20,12,DI,16,6
335,350,20,22,DI,16,6
322,350,20,32,DI,16,6
315,350,20,42,DI,16,6
291,350,20,52,DI,16,6
264,350,21,2,DI,16,6
256,350,21,12,DI,16,6
242,350,21,22,DI,16,6
221,350,21,32,DI,16,6
200,350,21,42,DI,16,6
166,350,21,52,DI,16,6
126,350,22,2,DI,16,6
98,350,22,12,DI,16,6
79,350,22,22,DI,16,6
77,350,22,32,DI,16,6
77,350,22,42,DI,16,6
77,350,22,52,DI,16,6
77,350,23,2,DI,16,6
77,350,23,12,DI,16,6
77,350,23,22,DI,16,6
77,350,23,32,DI,16,6
77,350,23,42,DI,16,6
77,350,23,52,DI,16,6
77,350,0,2,MI,17,6
77,350,0,12,MI,17,6
77,350,0,23,MI,17,6
77,350,0,33,MI,17,6
77,350,0,43,MI,17,6
77,350,0,53,MI,17,6
0,350,1,3,MI,17,6
0,350,1,13,MI,17,6
0,350,1,23,MI,17,6
0,350,1,33,MI,17,6
0,350,1,43,MI,17,6
0,350,1,53,MI,17,6
0,350,2,3,MI,17,6
0,350,2,13,MI,17,6
0,350,2,23,MI,17,6
0,350,2,33,MI,17,6
0,350,2,43,MI,17,6
0,350,2,53,MI,17,6
0,350,3,4,MI,17,6
0,350,3,14,MI,17,6
0,350,3,24,MI,17,6
0,350,3,34,MI,17,6
0,350,3,44,MI,17,6
0,350,3,54,MI,17,6
0,350,4,4,MI,17,6
0,350,4,14,MI,17,6
0,350,4,24,MI,17,6
0,350,4,34,MI,17,6
0,350,4,44,MI,17,6
0,350,4,54,MI,17,6
0,350,5,4,MI,17,6
0,350,5,14,MI,17,6
0,350,5,24,MI,17,6
0,350,5,34,MI,17,6
0,350,5,44,MI,17,6
0,350,5,54,MI,17,6
0,350,6,4,MI,17,6
0,350,6,14,MI,17,6
0,350,6,24,MI,17,6
0,350,6,34,MI,17,6
0,350,6,44,MI,17,6
0,350,6,54,MI,17,6
0,350,7,4,MI,17,6
0,350,7,14,MI,17,6
0,350,7,24,MI,17,6
0,350,7,34,MI,17,6
0,350,7,44,MI,17,6
0,350,7,54,MI,17,6
0,350,8,4,MI,17,6
0,350,8,14,MI,17,6
0,350,8,24,MI,17,6
0,350,8,34,MI,17,6
0,350,8,44,MI,17,6
0,350,8,54,MI,17,6
11,350,9,4,MI,17,6
24,350,9,14,MI,17,6
31,350,9,25,MI,17,6
43,350,9,35,MI,17,6
52,350,9,45,MI,17,6
60,350,9,55,MI,17,6
68,350,10,5,MI,17,6
81,350,10,15,MI,17,6
90,350,10,25,MI,17,6
98,350,10,35,MI,17,6
105,350,10,45,MI,17,6
105,350,10,55,MI,17,6
108,350,11,5,MI,17,6
105,350,11,15,MI,17,6
100,350,11,25,MI,17,6
99,350,11,35,MI,17,6
99,350,11,45,MI,17,6
95,350,11,55,MI,17,6
98,350,12,5,MI,17,6
93,350,12,15,MI,17,6
91,350,12,25,MI,17,6
95,350,12,35,MI,17,6
101,350,12,45,MI,17,6
97,350,12,55,MI,17,6
97,350,13,5,MI,17,6
99,350,13,15,MI,17,6
98,350,13,25,MI,17,6
102,350,13,35,MI,17,6
106,350,13,45,MI,17,6
112,350,13,55,MI,17,6
120,350,14,5,MI,17,6
128,350,14,15,MI,17,6
139,350,14,25,MI,17,6
145,350,14,35,MI,17,6
155,350,14,45,MI,17,6
161,350,14,55,MI,17,6
165,350,15,5,MI,17,6
172,350,15,15,MI,17,6
173,350,15,25,MI,17,6
179,350,15,35,MI,17,6
191,350,15,46,MI,17,6
197,350,15,56,MI,17,6
209,350,16,6,MI,17,6
214,350,16,16,MI,17,6
226,350,16,26,MI,17,6
227,350,16,36,MI,17,6
232,350,16,46,MI,17,6
234,350,16,56,MI,17,6
252,350,17,6,MI,17,6
262,350,17,16,MI,17,6
270,350,17,26,MI,17,6
280,350,17,36,MI,17,6
293,350,17,46,MI,17,6
303,350,17,56,MI,17,6
322,350,18,6,MI,17,6
328,350,18,16,MI,17,6
343,350,18,26,MI,17,6
350,350,18,36,MI,17,6
350,350,18,46,MI,17,6
349,350,18,56,MI,17,6
346,350,19,7,MI,17,6
348,350,19,17,MI,17,6
348,350,19,27,MI,17,6
336,350,19,37,MI,17,6
342,350,19,47,MI,17,6
334,350,19,57,MI,17,6
324,350,20,7,MI,17,6
310,350,20,17,MI,17,6
287,350,20,27,MI,17,6
275,350,20,37,MI,17,6
260,350,20,47,MI,17,6
247,350,20,57,MI,17,6
234,350,21,7,MI,17,6
212,350,21,17,MI,17,6
197,350,21,27,MI,17,6
179,350,21,37,MI,17,6
153,350,21,47,MI,17,6
116,350,21,57,MI,17,6
96,350,22,7,MI,17,6
80,350,22,17,MI,17,6
76,350,22,27,MI,17,6
76,350,22,37,MI,17,6
76,350,22,47,MI,17,6
76,350,22,57,MI,17,6
76,350,23,7,MI,17,6
76,350,23,17,MI,17,6
76,350,23,27,MI,17,6
76,350,23,37,MI,17,6
76,350,23,47,MI,17,6
76,350,23,57,MI,17,6
76,350,0,7,DO,18,6
76,350,0,17,DO,18,6
76,350,0,27,DO,18,6
76,350,0,37,DO,18,6
76,350,0,47,DO,18,6
76,350,0,58,DO,18,6
0,350,1,8,DO,18,6
0,350,1,18,DO,18,6
0,350,1,28,DO,18,6
0,350,1,38,DO,18,6
0,350,1,48,DO,18,6
0,350,1,58,DO,18,6
0,350,2,8,DO,18,6
0,350,2,18,DO,18,6
0,350,2,28,DO,18,6
0,350,2,38,DO,18,6
0,350,2,48,DO,18,6
0,350,2,58,DO,18,6
0,350,3,8,DO,18,6
0,350,3,18,DO,18,6
0,350,3,28,DO,18,6
0,350,3,38,DO,18,6
0,350,3,48,DO,18,6
0,350,3,58,DO,18,6
0,350,4,8,DO,18,6
0,350,4,18,DO,18,6
0,350,4,28,DO,18,6
0,350,4,38,DO,18,6
0,350,4,48,DO,18,6
0,350,4,58,DO,18,6
0,350,5,8,DO,18,6
0,350,5,18,DO,18,6
0,350,5,28,DO,18,6
0,350,5,38,DO,18,6
0,350,5,48,DO,18,6
0,350,5,58,DO,18,6
0,350,6,8,DO,18,6
0,350,6,18,DO,18,6
0,350,6,28,DO,18,6
0,350,6,38,DO,18,6
0,350,6,48,DO,18,6
0,350,6,58,DO,18,6
0,350,7,8,DO,18,6
0,350,7,19,DO,18,6
0,350,7,29,DO,18,6
5,350,7,39,DO,18,6
5,350,7,49,DO,18,6
6,350,7,59,DO,18,6
8,350,8,9,DO,18,6
8,350,8,19,DO,18,6
8,350,8,29,DO,18,6
8,350,8,39,DO,18,6
8,350,8,49,DO,18,6
8,350,8,59,DO,18,6
34,350,9,9,DO,18,6
42,350,9,19,DO,18,6
49,350,9,29,DO,18,6
57,350,9,39,DO,18,6
73,350,9,49,DO,18,6
81,350,9,59,DO,18,6
84,350,10,9,DO,18,6
90,350,10,19,DO,18,6
95,350,10,29,DO,18,6
111,350,10,39,DO,18,6
114,350,10,49,DO,18,6
116,350,10,59,DO,18,6
115,350,11,9,DO,18,6
117,350,11,19,DO,18,6
111,350,11,29,DO,18,6
111,350,11,39,DO,18,6
112,350,11,49,DO,18,6
113,350,11,59,DO,18,6
116,350,12,9,DO,18,6
115,350,12,19,DO,18,6
114,350,12,29,DO,18,6
118,350,12,40,DO,18,6
112,350,12,50,DO,18,6
111,350,13,0,DO,18,6
113,350,13,10,DO,18,6
120,350,13,20,DO,18,6
117,350,13,30,DO,18,6
128,350,13,40,DO,18,6
134,350,13,50,DO,18,6
136,350,14,0,DO,18,6
159,350,14,10,DO,18,6
162,350,14,20,DO,18,6
167,350,14,30,DO,18,6
173,350,14,40,DO,18,6
176,350,14,50,DO,18,6
188,350,15,0,DO,18,6
192,350,15,10,DO,18,6
188,350,15,20,DO,18,6
192,350,15,30,DO,18,6
192,350,15,40,DO,18,6
195,350,15,50,DO,18,6
198,350,16,0,DO,18,6
203,350,16,10,DO,18,6
205,350,16,20,DO,18,6
220,350,16,30,DO,18,6
223,350,16,40,DO,18,6
217,350,16,50,DO,18,6
237,350,17,0,DO,18,6
253,350,17,10,DO,18,6
264,350,17,20,DO,18,6
279,350,17,30,DO,18,6
283,350,17,40,DO,18,6
304,350,17,50,DO,18,6
323,350,18,0,DO,18,6
337,350,18,10,DO,18,6
345,350,18,21,DO,18,6
341,350,18,31,DO,18,6
347,350,18,41,DO,18,6
348,350,18,51,DO,18,6
348,350,19,1,DO,18,6
345,350,19,11,DO,18,6
350,350,19,21,DO,18,6
345,350,19,32,DO,18,6
345,350,19,42,DO,18,6
345,350,19,52,DO,18,6
350,350,20,2,DO,18,6
329,350,20,12,DO,18,6
324,350,20,22,DO,18,6
308,350,20,32,DO,18,6
286,350,20,42,DO,18,6
262,350,20,52,DO,18,6
238,350,21,2,DO,18,6
225,350,21,12,DO,18,6
223,350,21,22,DO,18,6
201,350,21,32,DO,18,6
189,350,21,42,DO,18,6
178,350,21,52,DO,18,6
155,350,22,2,DO,18,6
126,350,22,12,DO,18,6
112,350,22,22,DO,18,6
111,350,22,32,DO,18,6
111,350,22,42,DO,18,6
111,350,22,52,DO,18,6
111,350,23,2,DO,18,6
111,350,23,12,DO,18,6
111,350,23,22,DO,18,6
111,350,23,32,DO,18,6
111,350,23,42,DO,18,6
111,350,23,52,DO,18,6
111,350,0,2,FR,19,6
111,350,0,12,FR,19,6
111,350,0,22,FR,19,6
111,350,0,32,FR,19,6
111,350,0,42,FR,19,6
111,350,0,52,FR,19,6
0,350,1,2,FR,19,6
0,350,1,12,FR,19,6
0,350,1,22,FR,19,6
0,350,1,32,FR,19,6
0,350,1,42,FR,19,6
0,350,1,52,FR,19,6
0,350,2,2,FR,19,6
0,350,2,12,FR,19,6
0,350,2,22,FR,19,6
0,350,2,32,FR,19,6
0,350,2,42,FR,19,6
0,350,2,52,FR,19,6
0,350,3,2,FR,19,6
0,350,3,12,FR,19,6
0,350,3,22,FR,19,6
0,350,3,33,FR,19,6
0,350,3,43,FR,19,6
0,350,3,53,FR,19,6
0,350,4,3,FR,19,6
0,350,4,13,FR,19,6
0,350,4,23,FR,19,6
0,350,4,33,FR,19,6
0,350,4,43,FR,19,6
0,350,4,53,FR,19,6
0,350,5,3,FR,19,6
0,350,5,13,FR,19,6
0,350,5,23,FR,19,6
0,350,5,33,FR,19,6
0,350,5,43,FR,19,6
0,350,5,53,FR,19,6
0,350,6,3,FR,19,6
0,350,6,13,FR,19,6
0,350,6,23,FR,19,6
0,350,6,33,FR,19,6
0,350,6,43,FR,19,6
0,350,6,53,FR,19,6
0,350,7,3,FR,19,6
0,350,7,13,FR,19,6
0,350,7,23,FR,19,6
0,350,7,33,FR,19,6
0,350,7,43,FR,19,6
0,350,7,53,FR,19,6
0,350,8,3,FR,19,6
0,350,8,14,FR,19,6
0,350,8,24,FR,19,6
0,350,8,34,FR,19,6
0,350,8,44,FR,19,6
0,350,8,54,FR,19,6
25,350,9,4,FR,19,6
50,350,9,14,FR,19,6
60,350,9,24,FR,19,6
70,350,9,34,FR,19,6
85,350,9,44,FR,19,6
108,350,9,54,FR,19,6
124,350,10,4,FR,19,6
128,350,10,14,FR,19,6
138,350,10,24,FR,19,6
157,350,10,34,FR,19,6
156,350,10,44,FR,19,6
162,350,10,54,FR,19,6
172,350,11,4,FR,19,6
176,350,11,14,FR,19,6
174,350,11,24,FR,19,6
162,350,11,34,FR,19,6
174,350,11,44,FR,19,6
177,350,11,54,FR,19,6
180,350,12,4,FR,19,6
173,350,12,14,FR,19,6
171,350,12,24,FR,19,6
160,350,12,34,FR,19,6
156,350,12,44,FR,19,6
146,350,12,54,FR,19,6
157,350,13,4,FR,19,6
163,350,13,14,FR,19,6
184,350,13,24,FR,19,6
188,350,13,34,FR,19,6
191,350,13,44,FR,19,6
196,350,13,54,FR,19,6
208,350,14,4,FR,19,6
213,350,14,14,FR,19,6
229,350,14,25,FR,19,6
232,350,14,35,FR,19,6
242,350,14,45,FR,19,6
251,350,14,55,FR,19,6
269,350,15,5,FR,19,6
270,350,15,15,FR,19,6
274,350,15,25,FR,19,6
290,350,15,35,FR,19,6
266,350,15,45,FR,19,6
267,350,15,55,FR,19,6
261,350,16,5,FR,19,6
278,350,16,15,FR,19,6
284,350,16,25,FR,19,6
297,350,16,35,FR,19,6
307,350,16,45,FR,19,6
307,350,16,55,FR,19,6
301,350,17,5,FR,19,6
310,350,17,15,FR,19,6
309,350,17,25,FR,19,6
298,350,17,35,FR,19,6
283,350,17,45,FR,19,6
283,350,17,55,FR,19,6
289,350,18,5,FR,19,6
286,350,18,15,FR,19,6
264,350,18,25,FR,19,6
258,350,18,35,FR,19,6
254,350,18,45,FR,19,6
250,350,18,56,FR,19,6
241,350,19,6,FR,19,6
232,350,19,16,FR,19,6
223,350,19,26,FR,19,6
218,350,19,36,FR,19,6
209,350,19,46,FR,19,6
218,350,19,56,FR,19,6
214,350,20,6,FR,19,6
211,350,20,16,FR,19,6
206,350,20,26,FR,19,6
194,350,20,36,FR,19,6
190,350,20,46,FR,19,6
186,350,20,56,FR,19,6
176,350,21,6,FR,19,6
167,350,21,16,FR,19,6
151,350,21,26,FR,19,6
141,350,21,36,FR,19,6
131,350,21,46,FR,19,6
109,350,21,56,FR,19,6
89,350,22,6,FR,19,6
78,350,22,16,FR,19,6
74,350,22,26,FR,19,6
74,350,22,37,FR,19,6
74,350,22,47,FR,19,6
74,350,22,57,FR,19,6
74,350,23,7,FR,19,6
74,350,23,17,FR,19,6
74,350,23,27,FR,19,6
74,350,23,37,FR,19,6
74,350,23,47,FR,19,6
74,350,23,57,FR,19,6
74,350,0,7,SA,20,6
74,350,0,17,SA,20,6
74,350,0,27,SA,20,6
74,350,0,37,SA,20,6
74,350,0,47,SA,20,6
74,350,0,57,SA,20,6
0,350,1,7,SA,20,6
0,350,1,17,SA,20,6
0,350,1,27,SA,20,6
0,350,1,37,SA,20,6
0,350,1,47,SA,20,6
0,350,1,57,SA,20,6
0,350,2,7,SA,20,6
0,350,2,17,SA,20,6
0,350,2,27,SA,20,6
0,350,2,37,SA,20,6
0,350,2,47,SA,20,6
0,350,2,57,SA,20,6
0,350,3,7,SA,20,6
0,350,3,17,SA,20,6
0,350,3,27,SA,20,6
0,350,3,37,SA,20,6
0,350,3,47,SA,20,6
0,350,3,57,SA,20,6
0,350,4,7,SA,20,6
0,350,4,17,SA,20,6
0,350,4,27,SA,20,6
0,350,4,37,SA,20,6
0,350,4,47,SA,20,6
0,350,4,58,SA,20,6
0,350,5,8,SA,20,6
0,350,5,18,SA,20,6
0,350,5,28,SA,20,6
0,350,5,38,SA,20,6
0,350,5,48,SA,20,6
0,350,5,58,SA,20,6
0,350,6,8,SA,20,6
0,350,6,18,SA,20,6
0,350,6,28,SA,20,6
0,350,6,38,SA,20,6
0,350,6,48,SA,20,6
0,350,6,58,SA,20,6
0,350,7,8,SA,20,6
0,350,7,18,SA,20,6
0,350,7,28,SA,20,6
0,350,7,38,SA,20,6
0,350,7,48,SA,20,6
0,350,7,58,SA,20,6
0,350,8,8,SA,20,6
0,350,8,18,SA,20,6
0,350,8,28,SA,20,6
0,350,8,38,SA,20,6
0,350,8,49,SA,20,6
0,350,8,59,SA,20,6
30,350,9,9,SA,20,6
63,350,9,19,SA,20,6
81,350,9,29,SA,20,6
99,350,9,39,SA,20,6
107,350,9,49,SA,20,6
115,350,9,59,SA,20,6
144,350,10,9,SA,20,6
162,350,10,19,SA,20,6
180,350,10,29,SA,20,6
198,350,10,39,SA,20,6
203,350,10,49,SA,20,6
202,350,10,59,SA,20,6
206,350,11,9,SA,20,6
218,350,11,19,SA,20,6
217,350,11,29,SA,20,6
223,350,11,39,SA,20,6
222,350,11,49,SA,20,6
216,350,11,59,SA,20,6
209,350,12,9,SA,20,6
196,350,12,19,SA,20,6
185,350,12,29,SA,20,6
187,350,12,39,SA,20,6
184,350,12,49,SA,20,6
173,350,12,59,SA,20,6
169,350,13,9,SA,20,6
164,350,13,19,SA,20,6
149,350,13,29,SA,20,6
137,350,13,39,SA,20,6
138,350,13,49,SA,20,6
127,350,13,59,SA,20,6
127,350,14,9,SA,20,6
132,350,14,19,SA,20,6
133,350,14,29,SA,20,6
126,350,14,39,SA,20,6
138,350,14,49,SA,20,6
139,350,14,59,SA,20,6
138,350,15,9,SA,20,6
139,350,15,20,SA,20,6
140,350,15,30,SA,20,6
146,350,15,40,SA,20,6
152,350,15,50,SA,20,6
151,350,16,0,SA,20,6
144,350,16,10,SA,20,6
147,350,16,20,SA,20,6
150,350,16,30,SA,20,6
150,350,16,40,SA,20,6
154,350,16,50,SA,20,6
161,350,17,0,SA,20,6
160,350,17,10,SA,20,6
166,350,17,20,SA,20,6
153,350,17,30,SA,20,6
151,350,17,40,SA,20,6
149,350,17,50,SA,20,6
136,350,18,0,SA,20,6
138,350,18,10,SA,20,6
136,350,18,20,SA,20,6
132,350,18,30,SA,20,6
137,350,18,40,SA,20,6
132,350,18,50,SA,20,6
130,350,19,0,SA,20,6
127,350,19,11,SA,20,6
136,350,19,21,SA,20,6
129,350,19,31,SA,20,6
124,350,19,41,SA,20,6
121,350,19,51,SA,20,6
115,350,20,1,SA,20,6
111,350,20,11,SA,20,6
107,350,20,21,SA,20,6
99,350,20,31,SA,20,6
95,350,20,41,SA,20,6
83,350,20,51,SA,20,6
76,350,21,1,SA,20,6
73,350,21,11,SA,20,6
65,350,21,21,SA,20,6
61,350,21,31,SA,20,6
62,350,21,41,SA,20,6
54,350,21,51,SA,20,6
45,350,22,1,SA,20,6
38,350,22,11,SA,20,6
34,350,22,21,SA,20,6
34,350,22,31,SA,20,6
34,350,22,41,SA,20,6
34,350,22,51,SA,20,6
34,350,23,1,SA,20,6
34,350,23,11,SA,20,6
34,350,23,21,SA,20,6
34,350,23,31,SA,20,6
34,350,23,41,SA,20,6
34,350,23,51,SA,20,6
34,350,0,1,SO,21,6
34,350,0,11,SO,21,6
34,350,0,21,SO,21,6
34,350,0,31,SO,21,6
34,350,0,41,SO,21,6
34,350,0,51,SO,21,6
0,350,1,2,SO,21,6
0,350,1,12,SO,21,6
0,350,1,22,SO,21,6
0,350,1,32,SO,21,6
0,350,1,42,SO,21,6
0,350,1,52,SO,21,6
0,350,2,2,SO,21,6
0,350,2,12,SO,21,6
0,350,2,22,SO,21,6
0,350,2,32,SO,21,6
0,350,2,42,SO,21,6
0,350,2,52,SO,21,6
0,350,3,2,SO,21,6
0,350,3,12,SO,21,6
0,350,3,22,SO,21,6
0,350,3,32,SO,21,6
0,350,3,42,SO,21,6
0,350,3,52,SO,21,6
0,350,4,2,SO,21,6
0,350,4,12,SO,21,6
0,350,4,22,SO,21,6
0,350,4,32,SO,21,6
0,350,4,42,SO,21,6
0,350,4,52,SO,21,6
0,350,5,2,SO,21,6
0,350,5,12,SO,21,6
0,350,5,22,SO,21,6
0,350,5,32,SO,21,6
0,350,5,42,SO,21,6
0,350,5,52,SO,21,6
0,350,6,2,SO,21,6
0,350,6,12,SO,21,6
0,350,6,22,SO,21,6
0,350,6,32,SO,21,6
0,350,6,42,SO,21,6
0,350,6,52,SO,21,6
0,350,7,2,SO,21,6
0,350,7,12,SO,21,6
0,350,7,23,SO,21,6
0,350,7,33,SO,21,6
0,350,7,43,SO,21,6
0,350,7,53,SO,21,6
0,350,8,3,SO,21,6
0,350,8,13,SO,21,6
0,350,8,23,SO,21,6
0,350,8,33,SO,21,6
0,350,8,43,SO,21,6
0,350,8,53,SO,21,6
14,350,9,3,SO,21,6
30,350,9,13,SO,21,6
60,350,9,23,SO,21,6
70,350,9,33,SO,21,6
110,350,9,43,SO,21,6
121,350,9,53,SO,21,6
156,350,10,3,SO,21,6
177,350,10,13,SO,21,6
192,350,10,23,SO,21,6
200,350,10,33,SO,21,6
213,350,10,43,SO,21,6
226,350,10,53,SO,21,6
251,350,11,3,SO,21,6
255,350,11,13,SO,21,6
282,350,11,23,SO,21,6
287,350,11,33,SO,21,6
293,350,11,43,SO,21,6
296,350,11,53,SO,21,6
285,350,12,3,SO,21,6
286,350,12,13,SO,21,6
286,350,12,23,SO,21,6
296,350,12,33,SO,21,6
288,350,12,43,SO,21,6
280,350,12,53,SO,21,6
269,350,13,3,SO,21,6
261,350,13,13,SO,21,6
231,350,13,23,SO,21,6
226,350,13,33,SO,21,6
207,350,13,43,SO,21,6
199,350,13,54,SO,21,6
186,350,14,4,SO,21,6
173,350,14,14,SO,21,6
181,350,14,24,SO,21,6
182,350,14,34,SO,21,6
186,350,14,44,SO,21,6
180,350,14,54,SO,21,6
183,350,15,4,SO,21,6
189,350,15,14,SO,21,6
194,350,15,24,SO,21,6
182,350,15,34,SO,21,6
181,350,15,44,SO,21,6
178,350,15,54,SO,21,6
180,350,16,4,SO,21,6
187,350,16,14,SO,21,6
187,350,16,24,SO,21,6
182,350,16,34,SO,21,6
192,350,16,44,SO,21,6
191,350,16,54,SO,21,6
187,350,17,4,SO,21,6
192,350,17,14,SO,21,6
194,350,17,24,SO,21,6
197,350,17,34,SO,21,6
192,350,17,44,SO,21,6
191,350,17,54,SO,21,6
196,350,18,4,SO,21,6
199,350,18,14,SO,21,6
191,350,18,24,SO,21,6
189,350,18,34,SO,21,6
184,350,18,46,SO,21,6
175,350,18,56,SO,21,6
187,350,19,6,SO,21,6
183,350,19,16,SO,21,6
177,350,19,26,SO,21,6
174,350,19,36,SO,21,6
169,350,19,46,SO,21,6
161,350,19,56,SO,21,6
161,350,20,6,SO,21,6
154,350,20,16,SO,21,6
147,350,20,26,SO,21,6
141,350,20,36,SO,21,6
133,350,20,46,SO,21,6
121,350,20,56,SO,21,6
112,350,21,6,SO,21,6
96,350,21,16,SO,21,6
76,350,21,26,SO,21,6
59,350,21,36,SO,21,6
58,350,21,47,SO,21,6
52,350,21,57,SO,21,6
44,350,22,7,SO,21,6
36,350,22,17,SO,21,6
36,350,22,27,SO,21,6
36,350,22,37,SO,21,6
36,350,22,47,SO,21,6
36,350,22,57,SO,21,6
36,350,23,7,SO,21,6
36,350,23,17,SO,21,6
36,350,23,27,SO,21,6
36,350,23,37,SO,21,6
36,350,23,47,SO,21,6
36,350,23,57,SO,21,6
36,350,0,7,MO,22,6
36,350,0,17,MO,22,6
36,350,0,27,MO,22,6
36,350,0,37,MO,22,6
36,350,0,47,MO,22,6
36,350,0,57,MO,22,6
0,350,1,7,MO,22,6
0,350,1,17,MO,22,6
0,350,1,27,MO,22,6
0,350,1,37,MO,22,6
0,350,1,47,MO,22,6
0,350,1,57,MO,22,6
0,350,2,7,MO,22,6
0,350,2,17,MO,22,6
0,350,2,27,MO,22,6
0,350,2,37,MO,22,6
0,350,2,47,MO,22,6
0,350,2,57,MO,22,6
0,350,3,7,MO,22,6
0,350,3,17,MO,22,6
0,350,3,27,MO,22,6
0,350,3,37,MO,22,6
0,350,3,47,MO,22,6
0,350,3,57,MO,22,6
0,350,4,7,MO,22,6
0,350,4,17,MO,22,6
0,350,4,27,MO,22,6
0,350,4,37,MO,22,6
0,350,4,48,MO,22,6
0,350,4,58,MO,22,6
0,350,5,8,MO,22,6
0,350,5,18,MO,22,6
0,350,5,28,MO,22,6
0,350,5,38,MO,22,6
0,350,5,48,MO,22,6
0,350,5,58,MO,22,6
0,350,6,8,MO,22,6
0,350,6,18,MO,22,6
0,350,6,28,MO,22,6
0,350,6,38,MO,22,6
0,350,6,48,MO,22,6
0,350,6,58,MO,22,6
0,350,7,8,MO,22,6
0,350,7,18,MO,22,6
0,350,7,28,MO,22,6
0,350,7,38,MO,22,6
0,350,7,48,MO,22,6
0,350,7,58,MO,22,6
0,350,8,8,MO,22,6
0,350,8,18,MO,22,6
0,350,8,28,MO,22,6
0,350,8,38,MO,22,6
0,350,8,48,MO,22,6
0,350,8,58,MO,22,6
32,350,9,8,MO,22,6
44,350,9,18,MO,22,6
55,350,9,28,MO,22,6
60,350,9,38,MO,22,6
62,350,9,48,MO,22,6
66,350,9,58,MO,22,6
71,350,10,9,MO,22,6
73,350,10,19,MO,22,6
81,350,10,29,MO,22,6
87,350,10,39,MO,22,6
86,350,10,49,MO,22,6
85,350,10,59,MO,22,6
91,350,11,9,MO,22,6
98,350,11,19,MO,22,6
99,350,11,29,MO,22,6
102,350,11,39,MO,22,6
101,350,11,49,MO,22,6
100,350,11,59,MO,22,6
104,350,12,9,MO,22,6
106,350,12,19,MO,22,6
104,350,12,29,MO,22,6
110,350,12,39,MO,22,6
105,350,12,49,MO,22,6
110,350,12,59,MO,22,6
117,350,13,9,MO,22,6
119,350,13,19,MO,22,6
118,350,13,29,MO,22,6
106,350,13,39,MO,22,6
108,350,13,49,MO,22,6
113,350,13,59,MO,22,6
119,350,14,9,MO,22,6
130,350,14,19,MO,22,6
136,350,14,29,MO,22,6
128,350,14,39,MO,22,6
139,350,14,49,MO,22,6
135,350,14,59,MO,22,6
150,350,15,9,MO,22,6
148,350,15,19,MO,22,6
151,350,15,29,MO,22,6
165,350,15,39,MO,22,6
170,350,15,50,MO,22,6
181,350,16,0,MO,22,6
194,350,16,10,MO,22,6
207,350,16,20,MO,22,6
197,350,16,30,MO,22,6
206,350,16,40,MO,22,6
211,350,16,50,MO,22,6
212,350,17,0,MO,22,6
234,350,17,10,MO,22,6
246,350,17,20,MO,22,6
244,350,17,30,MO,22,6
236,350,17,40,MO,22,6
250,350,17,50,MO,22,6
256,350,18,0,MO,22,6
263,350,18,10,MO,22,6
281,350,18,20,MO,22,6
282,350,18,30,MO,22,6
291,350,18,40,MO,22,6
279,350,18,50,MO,22,6
288,350,19,0,MO,22,6
293,350,19,10,MO,22,6
299,350,19,20,MO,22,6
306,350,19,31,MO,22,6
298,350,19,41,MO,22,6
289,350,19,51,MO,22,6
294,350,20,1,MO,22,6
276,350,20,11,MO,22,6
279,350,20,21,MO,22,6
274,350,20,31,MO,22,6
270,350,20,41,MO,22,6
255,350,20,51,MO,22,6
244,350,21,1,MO,22,6
218,350,21,11,MO,22,6
205,350,21,21,MO,22,6
190,350,21,31,MO,22,6
174,350,21,41,MO,22,6
151,350,21,51,MO,22,6
121,350,22,1,MO,22,6
102,350,22,11,MO,22,6
90,350,22,21,MO,22,6
89,350,22,31,MO,22,6
89,350,22,41,MO,22,6
89,350,22,51,MO,22,6
89,350,23,1,MO,22,6
89,350,23,11,MO,22,6
89,350,23,21,MO,22,6
89,350,23,31,MO,22,6
89,350,23,41,MO,22,6
89,350,23,51,MO,22,6
89,350,0,1,DI,23,6
89,350,0,11,DI,23,6
89,350,0,21,DI,23,6
89,350,0,31,DI,23,6
89,350,0,41,DI,23,6
89,350,0,51,DI,23,6
0,350,1,1,DI,23,6
0,350,1,12,DI,23,6
0,350,1,22,DI,23,6
0,350,1,32,DI,23,6
0,350,1,42,DI,23,6
0,350,1,52,DI,23,6
0,350,2,2,DI,23,6
0,350,2,12,DI,23,6
0,350,2,22,DI,23,6
0,350,2,32,DI,23,6
0,350,2,42,DI,23,6
0,350,2,52,DI,23,6
0,350,3,2,DI,23,6
0,350,3,12,DI,23,6
0,350,3,22,DI,23,6
0,350,3,32,DI,23,6
0,350,3,42,DI,23,6
0,350,3,52,DI,23,6
0,350,4,2,DI,23,6
0,350,4,12,DI,23,6
0,350,4,22,DI,23,6
0,350,4,32,DI,23,6
0,350,4,42,DI,23,6
0,350,4,52,DI,23,6
0,350,5,2,DI,23,6
0,350,5,12,DI,23,6
0,350,5,22,DI,23,6
0,350,5,32,DI,23,6
0,350,5,42,DI,23,6
0,350,5,52,DI,23,6
0,350,6,2,DI,23,6
0,350,6,12,DI,23,6
0,350,6,23,DI,23,6
0,350,6,33,DI,23,6
0,350,6,43,DI,23,6
0,350,6,53,DI,23,6
0,350,7,3,DI,23,6
0,350,7,13,DI,23,6
0,350,7,23,DI,23,6
6,350,7,33,DI,23,6
6,350,7,43,DI,23,6
9,350,7,53,DI,23,6
9,350,8,3,DI,23,6
9,350,8,13,DI,23,6
9,350,8,23,DI,23,6
9,350,8,33,DI,23,6
9,350,8,43,DI,23,6
9,350,8,53,DI,23,6
21,350,9,3,DI,23,6
34,350,9,13,DI,23,6
48,350,9,23,DI,23,6
52,350,9,33,DI,23,6
58,350,9,43,DI,23,6
60,350,9,53,DI,23,6
59,350,10,3,DI,23,6
62,350,10,13,DI,23,6
68,350,10,23,DI,23,6
66,350,10,33,DI,23,6
67,350,10,43,DI,23,6
67,350,10,53,DI,23,6
67,350,11,3,DI,23,6
66,350,11,13,DI,23,6
71,350,11,24,DI,23,6
70,350,11,34,DI,23,6
70,350,11,44,DI,23,6
68,350,11,54,DI,23,6
66,350,12,4,DI,23,6
67,350,12,14,DI,23,6
72,350,12,24,DI,23,6
82,350,12,34,DI,23,6
81,350,12,44,DI,23,6
83,350,12,54,DI,23,6
81,350,13,4,DI,23,6
87,350,13,14,DI,23,6
92,350,13,24,DI,23,6
82,350,13,34,DI,23,6
85,350,13,44,DI,23,6
86,350,13,54,DI,23,6
90,350,14,4,DI,23,6
87,350,14,14,DI,23,6
90,350,14,24,DI,23,6
95,350,14,34,DI,23,6
98,350,14,44,DI,23,6
103,350,14,54,DI,23,6
112,350,15,4,DI,23,6
114,350,15,14,DI,23,6
119,350,15,24,DI,23,6
125,350,15,34,DI,23,6
127,350,15,44,DI,23,6
126,350,15,54,DI,23,6
133,350,16,4,DI,23,6
132,350,16,14,DI,23,6
147,350,16,24,DI,23,6
154,350,16,34,DI,23,6
152,350,16,44,DI,23,6
164,350,16,55,DI,23,6
176,350,17,5,DI,23,6
186,350,17,15,DI,23,6
193,350,17,25,DI,23,6
202,350,17,35,DI,23,6
213,350,17,45,DI,23,6
222,350,17,55,DI,23,6
233,350,18,5,DI,23,6
248,350,18,15,DI,23,6
245,350,18,25,DI,23,6
239,350,18,35,DI,23,6
242,350,18,45,DI,23,6
243,350,18,55,DI,23,6
246,350,19,5,DI,23,6
250,350,19,15,DI,23,6
256,350,19,26,DI,23,6
245,350,19,36,DI,23,6
241,350,19,46,DI,23,6
232,350,19,56,DI,23,6
226,350,20,6,DI,23,6
209,350,20,16,DI,23,6
196,350,20,26,DI,23,6
192,350,20,36,DI,23,6
187,350,20,46,DI,23,6
184,350,20,56,DI,23,6
175,350,21,6,DI,23,6
168,350,21,16,DI,23,6
158,350,21,26,DI,23,6
148,350,21,36,DI,23,6
137,350,21,46,DI,23,6
123,350,21,56,DI,23,6
97,350,22,6,DI,23,6
76,350,22,16,DI,23,6
75,350,22,26,DI,23,6
75,350,22,36,DI,23,6
75,350,22,46,DI,23,6
75,350,22,56,DI,23,6
75,350,23,6,DI,23,6
75,350,23,16,DI,23,6
75,350,23,26,DI,23,6
75,350,23,36,DI,23,6
75,350,23,46,DI,23,6
75,350,23,56,DI,23,6
75,350,0,6,MI,24,6
75,350,0,16,MI,24,6
75,350,0,26,MI,24,6
75,350,0,36,MI,24,6
75,350,0,46,MI,24,6
75,350,0,56,MI,24,6
0,350,1,6,MI,24,6
0,350,1,16,MI,24,6
0,350,1,27,MI,24,6
0,350,1,37,MI,24,6
0,350,1,47,MI,24,6
0,350,1,57,MI,24,6
0,350,2,7,MI,24,6
0,350,2,17,MI,24,6
0,350,2,27,MI,24,6
0,350,2,37,MI,24,6
0,350,2,47,MI,24,6
0,350,2,57,MI,24,6
0,350,3,7,MI,24,6
0,350,3,17,MI,24,6
0,350,3,27,MI,24,6
0,350,3,37,MI,24,6
0,350,3,47,MI,24,6
0,350,3,57,MI,24,6
0,350,4,7,MI,24,6
0,350,4,17,MI,24,6
0,350,4,27,MI,24,6
0,350,4,37,MI,24,6
0,350,4,47,MI,24,6
0,350,4,57,MI,24,6
0,350,5,7,MI,24,6
0,350,5,17,MI,24,6
0,350,5,27,MI,24,6
0,350,5,37,MI,24,6
0,350,5,47,MI,24,6
0,350,5,57,MI,24,6
0,350,6,7,MI,24,6
0,350,6,18,MI,24,6
0,350,6,28,MI,24,6
0,350,6,38,MI,24,6
0,350,6,48,MI,24,6
0,350,6,58,MI,24,6
0,350,7,8,MI,24,6
0,350,7,18,MI,24,6
0,350,7,28,MI,24,6
0,350,7,38,MI,24,6
0,350,7,48,MI,24,6
0,350,7,58,MI,24,6
0,350,8,8,MI,24,6
0,350,8,18,MI,24,6
0,350,8,28,MI,24,6
0,350,8,38,MI,24,6
0,350,8,48,MI,24,6
0,350,8,58,MI,24,6
19,350,9,8,MI,24,6
26,350,9,19,MI,24,6
33,350,9,29,MI,24,6
43,350,9,39,MI,24,6
47,350,9,49,MI,24,6
51,350,9,59,MI,24,6
65,350,10,9,MI,24,6
72,350,10,19,MI,24,6
75,350,10,29,MI,24,6
79,350,10,39,MI,24,6
79,350,10,49,MI,24,6
80,350,10,59,MI,24,6
74,350,11,9,MI,24,6
78,350,11,19,MI,24,6
79,350,11,29,MI,24,6
78,350,11,39,MI,24,6
77,350,11,49,MI,24,6
73,350,11,59,MI,24,6
71,350,12,9,MI,24,6
64,350,12,19,MI,24,6
62,350,12,29,MI,24,6
59,350,12,39,MI,24,6
56,350,12,49,MI,24,6
44,350,12,59,MI,24,6
39,350,13,9,MI,24,6
39,350,13,19,MI,24,6
40,350,13,29,MI,24,6
40,350,13,39,MI,24,6
43,350,13,49,MI,24,6
40,350,13,59,MI,24,6
43,350,14,9,MI,24,6
46,350,14,19,MI,24,6
52,350,14,29,MI,24,6
52,350,14,39,MI,24,6
54,350,14,49,MI,24,6
57,350,15,0,MI,24,6
54,350,15,10,MI,24,6
60,350,15,20,MI,24,6
64,350,15,30,MI,24,6
74,350,15,40,MI,24,6
80,350,15,50,MI,24,6
83,350,16,0,MI,24,6
87,350,16,10,MI,24,6
95,350,16,20,MI,24,6
95,350,16,30,MI,24,6
102,350,16,40,MI,24,6
105,350,16,50,MI,24,6
105,350,17,0,MI,24,6
105,350,17,10,MI,24,6
108,350,17,20,MI,24,6
110,350,17,30,MI,24,6
115,350,17,40,MI,24,6
121,350,17,50,MI,24,6
123,350,18,0,MI,24,6
133,350,18,10,MI,24,6
149,350,18,20,MI,24,6
154,350,18,30,MI,24,6
158,350,18,40,MI,24,6
156,350,18,50,MI,24,6
163,350,19,0,MI,24,6
170,350,19,10,MI,24,6
168,350,19,20,MI,24,6
174,350,19,31,MI,24,6
181,350,19,41,MI,24,6
184,350,19,51,MI,24,6
187,350,20,1,MI,24,6
176,350,20,11,MI,24,6
167,350,20,21,MI,24,6
153,350,20,31,MI,24,6
142,350,20,41,MI,24,6
136,350,20,51,MI,24,6
130,350,21,1,MI,24,6
122,350,21,11,MI,24,6
109,350,21,21,MI,24,6
94,350,21,31,MI,24,6
79,350,21,41,MI,24,6
64,350,21,51,MI,24,6
53,350,22,1,MI,24,6
38,350,22,11,MI,24,6
21,350,22,21,MI,24,6
19,350,22,31,MI,24,6
19,350,22,41,MI,24,6
19,350,22,51,MI,24,6
19,350,23,1,MI,24,6
19,350,23,11,MI,24,6
19,350,23,21,MI,24,6
19,350,23,31,MI,24,6
19,350,23,41,MI,24,6
19,350,23,51,MI,24,6
19,350,0,1,DO,25,6
19,350,0,11,DO,25,6
19,350,0,21,DO,25,6
19,350,0,31,DO,25,6
19,350,0,41,DO,25,6
19,350,0,51,DO,25,6
0,350,1,1,DO,25,6
0,350,1,11,DO,25,6
0,350,1,21,DO,25,6
0,350,1,31,DO,25,6
0,350,1,41,DO,25,6
0,350,1,51,DO,25,6
0,350,2,1,DO,25,6
0,350,2,11,DO,25,6
0,350,2,22,DO,25,6
0,350,2,32,DO,25,6
0,350,2,42,DO,25,6
0,350,2,52,DO,25,6
0,350,3,2,DO,25,6
0,350,3,12,DO,25,6
0,350,3,22,DO,25,6
0,350,3,32,DO,25,6
0,350,3,42,DO,25,6
0,350,3,52,DO,25,6
0,350,4,2,DO,25,6
0,350,4,12,DO,25,6
0,350,4,22,DO,25,6
0,350,4,32,DO,25,6
0,350,4,42,DO,25,6
0,350,4,52,DO,25,6
0,350,5,2,DO,25,6
0,350,5,12,DO,25,6
0,350,5,22,DO,25,6
0,350,5,32,DO,25,6
0,350,5,42,DO,25,6
0,350,5,52,DO,25,6
0,350,6,2,DO,25,6
0,350,6,12,DO,25,6
0,350,6,22,DO,25,6
0,350,6,33,DO,25,6
0,350,6,43,DO,25,6
0,350,6,53,DO,25,6
0,350,7,3,DO,25,6
0,350,7,13,DO,25,6
0,350,7,24,DO,25,6
0,350,7,34,DO,25,6
0,350,7,44,DO,25,6
5,350,7,54,DO,25,6
11,350,8,4,DO,25,6
12,350,8,14,DO,25,6
12,350,8,24,DO,25,6
12,350,8,34,DO,25,6
12,350,8,44,DO,25,6
12,350,8,54,DO,25,6
14,350,9,4,DO,25,6
37,350,9,14,DO,25,6
44,350,9,24,DO,25,6
47,350,9,34,DO,25,6
52,350,9,44,DO,25,6
59,350,9,54,DO,25,6
72,350,10,4,DO,25,6
73,350,10,14,DO,25,6
75,350,10,24,DO,25,6
77,350,10,34,DO,25,6
76,350,10,44,DO,25,6
74,350,10,54,DO,25,6
81,350,11,4,DO,25,6
79,350,11,14,DO,25,6
79,350,11,24,DO,25,6
76,350,11,34,DO,25,6
76,350,11,44,DO,25,6
76,350,11,54,DO,25,6
78,350,12,4,DO,25,6
77,350,12,14,DO,25,6
82,350,12,24,DO,25,6
84,350,12,34,DO,25,6
85,350,12,44,DO,25,6
84,350,12,55,DO,25,6
83,350,13,5,DO,25,6
81,350,13,15,DO,25,6
83,350,13,25,DO,25,6
83,350,13,35,DO,25,6
87,350,13,45,DO,25,6
91,350,13,55,DO,25,6
93,350,14,5,DO,25,6
94,350,14,15,DO,25,6
102,350,14,25,DO,25,6
103,350,14,35,DO,25,6
106,350,14,45,DO,25,6
110,350,14,55,DO,25,6
115,350,15,5,DO,25,6
118,350,15,15,DO,25,6
121,350,15,25,DO,25,6
127,350,15,35,DO,25,6
131,350,15,45,DO,25,6
134,350,15,55,DO,25,6
137,350,16,5,DO,25,6
144,350,16,15,DO,25,6
147,350,16,25,DO,25,6
151,350,16,35,DO,25,6
156,350,16,45,DO,25,6
158,350,16,55,DO,25,6
174,350,17,5,DO,25,6
178,350,17,15,DO,25,6
191,350,17,25,DO,25,6
202,350,17,35,DO,25,6
210,350,17,45,DO,25,6
213,350,17,55,DO,25,6
225,350,18,5,DO,25,6
224,350,18,15,DO,25,6
241,350,18,25,DO,25,6
241,350,18,36,DO,25,6
245,350,18,46,DO,25,6
251,350,18,56,DO,25,6
252,350,19,6,DO,25,6
264,350,19,16,DO,25,6
262,350,19,26,DO,25,6
268,350,19,37,DO,25,6
263,350,19,47,DO,25,6
253,350,19,57,DO,25,6
262,350,20,7,DO,25,6
255,350,20,17,DO,25,6
246,350,20,27,DO,25,6
240,350,20,37,DO,25,6
232,350,20,47,DO,25,6
214,350,20,57,DO,25,6
203,350,21,7,DO,25,6
187,350,21,17,DO,25,6
168,350,21,27,DO,25,6
159,350,21,37,DO,25,6
145,350,21,47,DO,25,6
126,350,21,57,DO,25,6
87,350,22,7,DO,25,6
76,350,22,17,DO,25,6
76,350,22,27,DO,25,6
76,350,22,37,DO,25,6
76,350,22,47,DO,25,6
76,350,22,57,DO,25,6
76,350,23,7,DO,25,6
76,350,23,17,DO,25,6
76,350,23,27,DO,25,6
76,350,23,37,DO,25,6
76,350,23,47,DO,25,6
76,350,23,57,DO,25,6
76,350,0,7,FR,26,6
76,350,0,17,FR,26,6
76,350,0,27,FR,26,6
76,350,0,37,FR,26,6
76,350,0,48,FR,26,6
76,350,0,58,FR,26,6
0,350,1,8,FR,26,6
0,350,1,18,FR,26,6
0,350,1,28,FR,26,6
0,350,1,38,FR,26,6
0,350,1,48,FR,26,6
0,350,1,58,FR,26,6
0,350,2,8,FR,26,6
0,350,2,18,FR,26,6
0,350,2,28,FR,26,6
0,350,2,38,FR,26,6
0,350,2,48,FR,26,6
0,350,2,58,FR,26,6
0,350,3,8,FR,26,6
0,350,3,18,FR,26,6
0,350,3,28,FR,26,6
0,350,3,38,FR,26,6
0,350,3,48,FR,26,6
0,350,3,58,FR,26,6
0,350,4,8,FR,26,6
0,350,4,18,FR,26,6
0,350,4,28,FR,26,6
0,350,4,38,FR,26,6
0,350,4,48,FR,26,6
0,350,4,58,FR,26,6
0,350,5,8,FR,26,6
0,350,5,18,FR,26,6
0,350,5,28,FR,26,6
0,350,5,38,FR,26,6
0,350,5,48,FR,26,6
0,350,5,58,FR,26,6
0,350,6,8,FR,26,6
0,350,6,18,FR,26,6
0,350,6,28,FR,26,6
0,350,6,38,FR,26,6
0,350,6,49,FR,26,6
0,350,6,59,FR,26,6
0,350,7,9,FR,26,6
0,350,7,19,FR,26,6
0,350,7,29,FR,26,6
0,350,7,39,FR,26,6
0,350,7,49,FR,26,6
0,350,7,59,FR,26,6
0,350,8,9,FR,26,6
0,350,8,19,FR,26,6
0,350,8,29,FR,26,6
0,350,8,39,FR,26,6
0,350,8,49,FR,26,6
1,350,8,59,FR,26,6
20,350,9,9,FR,26,6
31,350,9,19,FR,26,6
37,350,9,29,FR,26,6
47,350,9,39,FR,26,6
61,350,9,49,FR,26,6
68,350,9,59,FR,26,6
76,350,10,10,FR,26,6
81,350,10,20,FR,26,6
95,350,10,30,FR,26,6
98,350,10,40,FR,26,6
104,350,10,50,FR,26,6
111,350,11,0,FR,26,6
111,350,11,10,FR,26,6
113,350,11,20,FR,26,6
112,350,11,30,FR,26,6
110,350,11,40,FR,26,6
123,350,11,50,FR,26,6
119,350,12,0,FR,26,6
118,350,12,10,FR,26,6
119,350,12,20,FR,26,6
129,350,12,30,FR,26,6
137,350,12,40,FR,26,6
141,350,12,50,FR,26,6
144,350,13,0,FR,26,6
157,350,13,10,FR,26,6
165,350,13,20,FR,26,6
171,350,13,30,FR,26,6
164,350,13,40,FR,26,6
160,350,13,50,FR,26,6
160,350,14,0,FR,26,6
181,350,14,10,FR,26,6
183,350,14,20,FR,26,6
202,350,14,30,FR,26,6
218,350,14,40,FR,26,6
209,350,14,50,FR,26,6
216,350,15,0,FR,26,6
235,350,15,10,FR,26,6
250,350,15,20,FR,26,6
261,350,15,30,FR,26,6
264,350,15,41,FR,26,6
265,350,15,51,FR,26,6
273,350,16,1,FR,26,6
279,350,16,11,FR,26,6
280,350,16,21,FR,26,6
281,350,16,31,FR,26,6
290,350,16,41,FR,26,6
282,350,16,51,FR,26,6
284,350,17,1,FR,26,6
283,350,17,11,FR,26,6
268,350,17,21,FR,26,6
250,350,17,31,FR,26,6
244,350,17,41,FR,26,6
242,350,17,51,FR,26,6
247,350,18,1,FR,26,6
249,350,18,11,FR,26,6
243,350,18,21,FR,26,6
228,350,18,31,FR,26,6
229,350,18,41,FR,26,6
219,350,18,51,FR,26,6
220,350,19,2,FR,26,6
224,350,19,12,FR,26,6
215,350,19,22,FR,26,6
217,350,19,32,FR,26,6
218,350,19,42,FR,26,6
213,350,19,52,FR,26,6
205,350,20,2,FR,26,6
200,350,20,12,FR,26,6
196,350,20,22,FR,26,6
188,350,20,32,FR,26,6
180,350,20,42,FR,26,6
173,350,20,53,FR,26,6
168,350,21,3,FR,26,6
157,350,21,13,FR,26,6
144,350,21,23,FR,26,6
128,350,21,33,FR,26,6
115,350,21,43,FR,26,6
104,350,21,53,FR,26,6
87,350,22,3,FR,26,6
75,350,22,13,FR,26,6
75,350,22,23,FR,26,6
75,350,22,33,FR,26,6
75,350,22,43,FR,26,6
75,350,22,53,FR,26,6
75,350,23,3,FR,26,6
75,350,23,13,FR,26,6
75,350,23,23,FR,26,6
75,350,23,33,FR,26,6
75,350,23,43,FR,26,6
75,350,23,53,FR,26,6
75,350,0,3,SA,27,6
75,350,0,13,SA,27,6
75,350,0,23,SA,27,6
75,350,0,33,SA,27,6
75,350,0,43,SA,27,6
75,350,0,53,SA,27,6
0,350,1,3,SA,27,6
0,350,1,13,SA,27,6
0,350,1,23,SA,27,6
0,350,1,33,SA,27,6
0,350,1,43,SA,27,6
0,350,1,53,SA,27,6
0,350,2,3,SA,27,6
0,350,2,13,SA,27,6
0,350,2,23,SA,27,6
0,350,2,33,SA,27,6
0,350,2,43,SA,27,6
0,350,2,53,SA,27,6
0,350,3,3,SA,27,6
0,350,3,13,SA,27,6
0,350,3,23,SA,27,6
0,350,3,33,SA,27,6
0,350,3,43,SA,27,6
0,350,3,53,SA,27,6
0,350,4,4,SA,27,6
0,350,4,14,SA,27,6
0,350,4,24,SA,27,6
0,350,4,34,SA,27,6
0,350,4,44,SA,27,6
0,350,4,54,SA,27,6
0,350,5,4,SA,27,6
0,350,5,14,SA,27,6
0,350,5,24,SA,27,6
0,350,5,34,SA,27,6
0,350,5,44,SA,27,6
0,350,5,54,SA,27,6
0,350,6,4,SA,27,6
0,350,6,14,SA,27,6
0,350,6,24,SA,27,6
0,350,6,34,SA,27,6
0,350,6,44,SA,27,6
0,350,6,54,SA,27,6
0,350,7,4,SA,27,6
0,350,7,14,SA,27,6
0,350,7,24,SA,27,6
0,350,7,35,SA,27,6
0,350,7,45,SA,27,6
0,350,7,55,SA,27,6
0,350,8,5,SA,27,6
0,350,8,16,SA,27,6
0,350,8,26,SA,27,6
0,350,8,36,SA,27,6
0,350,8,46,SA,27,6
0,350,8,56,SA,27,6
14,350,9,6,SA,27,6
26,350,9,16,SA,27,6
25,350,9,26,SA,27,6
49,350,9,36,SA,27,6
51,350,9,46,SA,27,6
53,350,9,56,SA,27,6
58,350,10,6,SA,27,6
58,350,10,16,SA,27,6
53,350,10,26,SA,27,6
59,350,10,36,SA,27,6
72,350,10,46,SA,27,6
76,350,10,57,SA,27,6
78,350,11,7,SA,27,6
79,350,11,17,SA,27,6
81,350,11,27,SA,27,6
80,350,11,37,SA,27,6
73,350,11,47,SA,27,6
71,350,11,57,SA,27,6
75,350,12,7,SA,27,6
77,350,12,17,SA,27,6
79,350,12,27,SA,27,6
85,350,12,37,SA,27,6
86,350,12,47,SA,27,6
81,350,12,57,SA,27,6
74,350,13,7,SA,27,6
78,350,13,17,SA,27,6
77,350,13,27,SA,27,6
77,350,13,37,SA,27,6
82,350,13,47,SA,27,6
78,350,13,57,SA,27,6
80,350,14,7,SA,27,6
80,350,14,17,SA,27,6
83,350,14,27,SA,27,6
84,350,14,37,SA,27,6
80,350,14,47,SA,27,6
80,350,14,57,SA,27,6
81,350,15,7,SA,27,6
78,350,15,17,SA,27,6
76,350,15,27,SA,27,6
76,350,15,37,SA,27,6
73,350,15,47,SA,27,6
72,350,15,57,SA,27,6
75,350,16,7,SA,27,6
77,350,16,17,SA,27,6
80,350,16,27,SA,27,6
81,350,16,37,SA,27,6
86,350,16,47,SA,27,6
90,350,16,57,SA,27,6
94,350,17,8,SA,27,6
87,350,17,18,SA,27,6
86,350,17,28,SA,27,6
83,350,17,38,SA,27,6
84,350,17,48,SA,27,6
82,350,17,58,SA,27,6
82,350,18,8,SA,27,6
87,350,18,18,SA,27,6
75,350,18,28,SA,27,6
77,350,18,38,SA,27,6
81,350,18,48,SA,27,6
84,350,18,58,SA,27,6
84,350,19,8,SA,27,6
85,350,19,18,SA,27,6
97,350,19,28,SA,27,6
97,350,19,38,SA,27,6
95,350,19,48,SA,27,6
97,350,19,58,SA,27,6
93,350,20,8,SA,27,6
92,350,20,18,SA,27,6
94,350,20,28,SA,27,6
94,350,20,38,SA,27,6
90,350,20,49,SA,27,6
88,350,20,59,SA,27,6
78,350,21,9,SA,27,6
78,350,21,19,SA,27,6
74,350,21,29,SA,27,6
69,350,21,39,SA,27,6
62,350,21,49,SA,27,6
58,350,21,59,SA,27,6
49,350,22,9,SA,27,6
47,350,22,19,SA,27,6
46,350,22,29,SA,27,6
46,350,22,39,SA,27,6
46,350,22,49,SA,27,6
46,350,22,59,SA,27,6
46,350,23,9,SA,27,6
46,350,23,19,SA,27,6
46,350,23,29,SA,27,6
46,350,23,39,SA,27,6
46,350,23,49,SA,27,6
46,350,23,59,SA,27,6
46,350,0,9,SO,28,6
46,350,0,19,SO,28,6
46,350,0,29,SO,28,6
46,350,0,39,SO,28,6
46,350,0,49,SO,28,6
46,350,0,59,SO,28,6
0,350,1,9,SO,28,6
0,350,1,19,SO,28,6
0,350,1,29,SO,28,6
0,350,1,39,SO,28,6
0,350,1,49,SO,28,6
0,350,1,59,SO,28,6
0,350,2,9,SO,28,6
0,350,2,19,SO,28,6
0,350,2,29,SO,28,6
0,350,2,39,SO,28,6
0,350,2,49,SO,28,6
0,350,2,59,SO,28,6
0,350,3,10,SO,28,6
0,350,3,20,SO,28,6
0,350,3,30,SO,28,6
0,350,3,40,SO,28,6
0,350,3,50,SO,28,6
0,350,4,0,SO,28,6
0,350,4,10,SO,28,6
0,350,4,20,SO,28,6
0,350,4,30,SO,28,6
0,350,4,40,SO,28,6
0,350,4,50,SO,28,6
0,350,5,0,SO,28,6
0,350,5,10,SO,28,6
0,350,5,20,SO,28,6
0,350,5,30,SO,28,6
0,350,5,40,SO,28,6
0,350,5,50,SO,28,6
0,350,6,0,SO,28,6
0,350,6,10,SO,28,6
0,350,6,20,SO,28,6
0,350,6,30,SO,28,6
0,350,6,40,SO,28,6
0,350,6,50,SO,28,6
0,350,7,0,SO,28,6
0,350,7,10,SO,28,6
0,350,7,20,SO,28,6
0,350,7,30,SO,28,6
0,350,7,40,SO,28,6
0,350,7,50,SO,28,6
0,350,8,0,SO,28,6
0,350,8,10,SO,28,6
0,350,8,20,SO,28,6
0,350,8,31,SO,28,6
0,350,8,41,SO,28,6
0,350,8,51,SO,28,6
0,350,9,1,SO,28,6
22,350,9,11,SO,28,6
28,350,9,21,SO,28,6
36,350,9,31,SO,28,6
40,350,9,41,SO,28,6
43,350,9,51,SO,28,6
45,350,10,1,SO,28,6
49,350,10,11,SO,28,6
55,350,10,21,SO,28,6
53,350,10,31,SO,28,6
61,350,10,41,SO,28,6
71,350,10,51,SO,28,6
78,350,11,1,SO,28,6
76,350,11,11,SO,28,6
87,350,11,21,SO,28,6
88,350,11,31,SO,28,6
84,350,11,41,SO,28,6
85,350,11,51,SO,28,6
86,350,12,1,SO,28,6
89,350,12,11,SO,28,6
93,350,12,21,SO,28,6
92,350,12,31,SO,28,6
93,350,12,41,SO,28,6
84,350,12,51,SO,28,6
77,350,13,1,SO,28,6
74,350,13,11,SO,28,6
68,350,13,21,SO,28,6
67,350,13,32,SO,28,6
73,350,13,42,SO,28,6
75,350,13,52,SO,28,6
71,350,14,2,SO,28,6
72,350,14,12,SO,28,6
70,350,14,22,SO,28,6
70,350,14,32,SO,28,6
74,350,14,42,SO,28,6
83,350,14,52,SO,28,6
85,350,15,2,SO,28,6
92,350,15,12,SO,28,6
96,350,15,22,SO,28,6
95,350,15,32,SO,28,6
93,350,15,42,SO,28,6
98,350,15,52,SO,28,6
100,350,16,2,SO,28,6
101,350,16,12,SO,28,6
103,350,16,22,SO,28,6
104,350,16,32,SO,28,6
106,350,16,42,SO,28,6
99,350,16,52,SO,28,6
100,350,17,2,SO,28,6
92,350,17,12,SO,28,6
91,350,17,22,SO,28,6
89,350,17,32,SO,28,6
91,350,17,42,SO,28,6
91,350,17,52,SO,28,6
92,350,18,2,SO,28,6
102,350,18,12,SO,28,6
127,350,18,22,SO,28,6
118,350,18,32,SO,28,6
126,350,18,43,SO,28,6
127,350,18,53,SO,28,6
126,350,19,3,SO,28,6
137,350,19,13,SO,28,6
137,350,19,23,SO,28,6
133,350,19,33,SO,28,6
129,350,19,43,SO,28,6
127,350,19,53,SO,28,6
130,350,20,3,SO,28,6
133,350,20,13,SO,28,6
133,350,20,23,SO,28,6
132,350,20,33,SO,28,6
121,350,20,43,SO,28,6
109,350,20,53,SO,28,6
90,350,21,3,SO,28,6
73,350,21,13,SO,28,6
67,350,21,23,SO,28,6
57,350,21,33,SO,28,6
49,350,21,43,SO,28,6
42,350,21,53,SO,28,6
24,350,22,3,SO,28,6
18,350,22,14,SO,28,6
18,350,22,24,SO,28,6
18,350,22,34,SO,28,6
18,350,22,44,SO,28,6
18,350,22,54,SO,28,6
18,350,23,4,SO,28,6
18,350,23,14,SO,28,6
18,350,23,24,SO,28,6
18,350,23,34,SO,28,6
18,350,23,44,SO,28,6
18,350,23,54,SO,28,6
18,350,0,4,MO,29,6
18,350,0,14,MO,29,6
18,350,0,24,MO,29,6
18,350,0,34,MO,29,6
18,350,0,44,MO,29,6
18,350,0,54,MO,29,6
0,350,1,4,MO,29,6
0,350,1,14,MO,29,6
0,350,1,24,MO,29,6
0,350,1,34,MO,29,6
0,350,1,44,MO,29,6
0,350,1,54,MO,29,6
0,350,2,4,MO,29,6
0,350,2,14,MO,29,6
0,350,2,24,MO,29,6
0,350,2,34,MO,29,6
0,350,2,44,MO,29,6
0,350,2,54,MO,29,6
0,350,3,4,MO,29,6
0,350,3,14,MO,29,6
0,350,3,24,MO,29,6
0,350,3,34,MO,29,6
0,350,3,44,MO,29,6
0,350,3,54,MO,29,6
0,350,4,4,MO,29,6
0,350,4,14,MO,29,6
0,350,4,24,MO,29,6
0,350,4,34,MO,29,6
0,350,4,44,MO,29,6
0,350,4,54,MO,29,6
0,350,5,4,MO,29,6
0,350,5,14,MO,29,6
0,350,5,25,MO,29,6
0,350,5,35,MO,29,6
0,350,5,45,MO,29,6
0,350,5,55,MO,29,6
0,350,6,5,MO,29,6
0,350,6,15,MO,29,6
0,350,6,25,MO,29,6
0,350,6,35,MO,29,6
0,350,6,45,MO,29,6
0,350,6,55,MO,29,6
0,350,7,5,MO,29,6
0,350,7,15,MO,29,6
0,350,7,25,MO,29,6
0,350,7,35,MO,29,6
0,350,7,45,MO,29,6
0,350,7,55,MO,29,6
0,350,8,6,MO,29,6
0,350,8,16,MO,29,6
0,350,8,26,MO,29,6
0,350,8,36,MO,29,6
0,350,8,46,MO,29,6
0,350,8,56,MO,29,6
8,350,9,6,MO,29,6
15,350,9,16,MO,29,6
23,350,9,26,MO,29,6
35,350,9,36,MO,29,6
40,350,9,46,MO,29,6
51,350,9,56,MO,29,6
64,350,10,6,MO,29,6
77,350,10,16,MO,29,6
81,350,10,26,MO,29,6
84,350,10,36,MO,29,6
95,350,10,46,MO,29,6
106,350,10,56,MO,29,6
119,350,11,6,MO,29,6
128,350,11,16,MO,29,6
133,350,11,26,MO,29,6
156,350,11,36,MO,29,6
155,350,11,46,MO,29,6
159,350,11,56,MO,29,6
163,350,12,6,MO,29,6
163,350,12,16,MO,29,6
165,350,12,26,MO,29,6
165,350,12,36,MO,29,6
164,350,12,46,MO,29,6
163,350,12,56,MO,29,6
158,350,13,6,MO,29,6
158,350,13,16,MO,29,6
152,350,13,26,MO,29,6
158,350,13,36,MO,29,6
159,350,13,46,MO,29,6
164,350,13,56,MO,29,6
174,350,14,7,MO,29,6
179,350,14,17,MO,29,6
178,350,14,27,MO,29,6
180,350,14,37,MO,29,6
172,350,14,47,MO,29,6
171,350,14,57,MO,29,6
173,350,15,7,MO,29,6
185,350,15,17,MO,29,6
193,350,15,27,MO,29,6
200,350,15,37,MO,29,6
207,350,15,47,MO,29,6
206,350,15,57,MO,29,6
208,350,16,7,MO,29,6
209,350,16,17,MO,29,6
213,350,16,27,MO,29,6
228,350,16,37,MO,29,6
238,350,16,47,MO,29,6
237,350,16,57,MO,29,6
249,350,17,7,MO,29,6
274,350,17,17,MO,29,6
293,350,17,27,MO,29,6
307,350,17,37,MO,29,6
304,350,17,47,MO,29,6
310,350,17,57,MO,29,6
329,350,18,7,MO,29,6
332,350,18,17,MO,29,6
326,350,18,27,MO,29,6
314,350,18,37,MO,29,6
318,350,18,48,MO,29,6
315,350,18,58,MO,29,6
317,350,19,8,MO,29,6
328,350,19,18,MO,29,6
330,350,19,29,MO,29,6
319,350,19,39,MO,29,6
315,350,19,49,MO,29,6
305,350,19,59,MO,29,6
287,350,20,9,MO,29,6
270,350,20,19,MO,29,6
265,350,20,29,MO,29,6
264,350,20,39,MO,29,6
247,350,20,49,MO,29,6
235,350,20,59,MO,29,6
229,350,21,9,MO,29,6
215,350,21,19,MO,29,6
194,350,21,29,MO,29,6
167,350,21,39,MO,29,6
160,350,21,49,MO,29,6
142,350,21,59,MO,29,6
111,350,22,9,MO,29,6
95,350,22,19,MO,29,6
93,350,22,29,MO,29,6
93,350,22,39,MO,29,6
93,350,22,49,MO,29,6
93,350,22,59,MO,29,6
93,350,23,9,MO,29,6
93,350,23,19,MO,29,6
93,350,23,29,MO,29,6
93,350,23,39,MO,29,6
93,350,23,49,MO,29,6
93,350,23,59,MO,29,6
93,350,0,9,DI,30,6
93,350,0,19,DI,30,6
93,350,0,29,DI,30,6
93,350,0,39,DI,30,6
93,350,0,49,DI,30,6
93,350,0,59,DI,30,6
0,350,1,9,DI,30,6
0,350,1,19,DI,30,6
0,350,1,29,DI,30,6
0,350,1,39,DI,30,6
0,350,1,49,DI,30,6
0,350,1,59,DI,30,6
0,350,2,9,DI,30,6
0,350,2,19,DI,30,6
0,350,2,30,DI,30,6
0,350,2,40,DI,30,6
0,350,2,50,DI,30,6
0,350,3,0,DI,30,6
0,350,3,10,DI,30,6
0,350,3,20,DI,30,6
0,350,3,30,DI,30,6
0,350,3,40,DI,30,6
0,350,3,50,DI,30,6
0,350,4,0,DI,30,6
0,350,4,10,DI,30,6
0,350,4,20,DI,30,6
0,350,4,30,DI,30,6
0,350,4,40,DI,30,6
0,350,4,50,DI,30,6
0,350,5,0,DI,30,6
0,350,5,10,DI,30,6
0,350,5,20,DI,30,6
0,350,5,30,DI,30,6
0,350,5,40,DI,30,6
0,350,5,50,DI,30,6
0,350,6,0,DI,30,6
0,350,6,10,DI,30,6
0,350,6,20,DI,30,6
0,350,6,30,DI,30,6
0,350,6,40,DI,30,6
0,350,6,50,DI,30,6
0,350,7,0,DI,30,6
0,350,7,10,DI,30,6
0,350,7,20,DI,30,6
6,350,7,30,DI,30,6
6,350,7,40,DI,30,6
6,350,7,50,DI,30,6
6,350,8,0,DI,30,6
8,350,8,10,DI,30,6
8,350,8,20,DI,30,6
8,350,8,30,DI,30,6
8,350,8,40,DI,30,6
8,350,8,51,DI,30,6
9,350,9,1,DI,30,6
36,350,9,11,DI,30,6
42,350,9,21,DI,30,6
53,350,9,31,DI,30,6
58,350,9,41,DI,30,6
59,350,9,51,DI,30,6
60,350,10,1,DI,30,6
61,350,10,11,DI,30,6
61,350,10,21,DI,30,6
68,350,10,31,DI,30,6
71,350,10,41,DI,30,6
76,350,10,51,DI,30,6
73,350,11,1,DI,30,6
70,350,11,11,DI,30,6
70,350,11,21,DI,30,6
69,350,11,31,DI,30,6
69,350,11,41,DI,30,6
63,350,11,51,DI,30,6
63,350,12,1,DI,30,6
61,350,12,11,DI,30,6
63,350,12,21,DI,30,6
64,350,12,31,DI,30,6
66,350,12,41,DI,30,6
64,350,12,51,DI,30,6
67,350,13,1,DI,30,6
71,350,13,11,DI,30,6
76,350,13,21,DI,30,6
79,350,13,31,DI,30,6
80,350,13,41,DI,30,6
87,350,13,52,DI,30,6
90,350,14,2,DI,30,6
95,350,14,12,DI,30,6
94,350,14,22,DI,30,6
98,350,14,32,DI,30,6
95,350,14,42,DI,30,6
94,350,14,52,DI,30,6
88,350,15,2,DI,30,6
88,350,15,12,DI,30,6
90,350,15,22,DI,30,6
92,350,15,32,DI,30,6
105,350,15,42,DI,30,6
105,350,15,52,DI,30,6
114,350,16,2,DI,30,6
119,350,16,12,DI,30,6
119,350,16,22,DI,30,6
126,350,16,32,DI,30,6
130,350,16,42,DI,30,6
134,350,16,52,DI,30,6
141,350,17,2,DI,30,6
169,350,17,12,DI,30,6
184,350,17,22,DI,30,6
194,350,17,32,DI,30,6
213,350,17,42,DI,30,6
225,350,17,52,DI,30,6
227,350,18,2,DI,30,6
233,350,18,12,DI,30,6
242,350,18,22,DI,30,6
256,350,18,32,DI,30,6
252,350,18,42,DI,30,6
260,350,18,53,DI,30,6
265,350,19,3,DI,30,6
269,350,19,13,DI,30,6
273,350,19,23,DI,30,6
269,350,19,33,DI,30,6
269,350,19,43,DI,30,6
275,350,19,53,DI,30,6
257,350,20,3,DI,30,6
246,350,20,13,DI,30,6
248,350,20,23,DI,30,6
240,350,20,33,DI,30,6
229,350,20,43,DI,30,6
221,350,20,53,DI,30,6
217,350,21,3,DI,30,6
203,350,21,13,DI,30,6
186,350,21,23,DI,30,6
172,350,21,33,DI,30,6
166,350,21,43,DI,30,6
143,350,21,53,DI,30,6
124,350,22,3,DI,30,6
86,350,22,13,DI,30,6
77,350,22,23,DI,30,6
77,350,22,33,DI,30,6
77,350,22,43,DI,30,6
77,350,22,53,DI,30,6
77,350,23,3,DI,30,6
77,350,23,13,DI,30,6
77,350,23,23,DI,30,6
77,350,23,33,DI,30,6
77,350,23,44,DI,30,6
77,350,23,54,DI,30,6
77,350,0,4,MI,1,7
77,350,0,14,MI,1,7
77,350,0,24,MI,1,7
77,350,0,34,MI,1,7
77,350,0,44,MI,1,7
77,350,0,54,MI,1,7
0,350,1,4,MI,1,7
0,350,1,14,MI,1,7
0,350,1,24,MI,1,7
0,350,1,34,MI,1,7
0,350,1,44,MI,1,7
0,350,1,54,MI,1,7
0,350,2,4,MI,1,7
0,350,2,14,MI,1,7
0,350,2,24,MI,1,7
0,350,2,34,MI,1,7
0,350,2,44,MI,1,7
0,350,2,54,MI,1,7
0,350,3,4,MI,1,7
0,350,3,14,MI,1,7
0,350,3,24,MI,1,7
0,350,3,34,MI,1,7
0,350,3,44,MI,1,7
0,350,3,54,MI,1,7
0,350,4,4,MI,1,7
0,350,4,14,MI,1,7
0,350,4,24,MI,1,7
0,350,4,34,MI,1,7
0,350,4,44,MI,1,7
0,350,4,54,MI,1,7
0,350,5,4,MI,1,7
0,350,5,14,MI,1,7
0,350,5,24,MI,1,7
0,350,5,34,MI,1,7
0,350,5,44,MI,1,7
0,350,5,54,MI,1,7
0,350,6,4,MI,1,7
0,350,6,15,MI,1,7
0,350,6,25,MI,1,7
0,350,6,35,MI,1,7
0,350,6,45,MI,1,7
0,350,6,55,MI,1,7
0,350,7,5,MI,1,7
0,350,7,15,MI,1,7
0,350,7,25,MI,1,7
0,350,7,35,MI,1,7
0,350,7,45,MI,1,7
0,350,7,55,MI,1,7
0,350,8,5,MI,1,7
0,350,8,15,MI,1,7
0,350,8,25,MI,1,7
0,350,8,35,MI,1,7
0,350,8,45,MI,1,7
0,350,8,55,MI,1,7
15,350,9,5,MI,1,7
37,350,9,15,MI,1,7
40,350,9,25,MI,1,7
50,350,9,35,MI,1,7
54,350,9,45,MI,1,7
56,350,9,55,MI,1,7
63,350,10,5,MI,1,7
70,350,10,16,MI,1,7
74,350,10,26,MI,1,7
87,350,10,36,MI,1,7
90,350,10,46,MI,1,7
92,350,10,56,MI,1,7
92,350,11,6,MI,1,7
96,350,11,16,MI,1,7
102,350,11,26,MI,1,7
100,350,11,36,MI,1,7
100,350,11,46,MI,1,7
90,350,11,56,MI,1,7
90,350,12,6,MI,1,7
87,350,12,16,MI,1,7
91,350,12,26,MI,1,7
97,350,12,36,MI,1,7
95,350,12,46,MI,1,7
91,350,12,56,MI,1,7
93,350,13,6,MI,1,7
88,350,13,16,MI,1,7
85,350,13,26,MI,1,7
85,350,13,36,MI,1,7
89,350,13,46,MI,1,7
94,350,13,56,MI,1,7
96,350,14,6,MI,1,7
103,350,14,16,MI,1,7
104,350,14,26,MI,1,7
115,350,14,36,MI,1,7
125,350,14,46,MI,1,7
122,350,14,56,MI,1,7
130,350,15,6,MI,1,7
141,350,15,16,MI,1,7
154,350,15,26,MI,1,7
155,350,15,36,MI,1,7
159,350,15,46,MI,1,7
167,350,15,56,MI,1,7
171,350,16,7,MI,1,7
184,350,16,17,MI,1,7
188,350,16,27,MI,1,7
188,350,16,37,MI,1,7
191,350,16,47,MI,1,7
186,350,16,57,MI,1,7
199,350,17,7,MI,1,7
213,350,17,17,MI,1,7
225,350,17,27,MI,1,7
236,350,17,37,MI,1,7
254,350,17,47,MI,1,7
272,350,17,57,MI,1,7
299,350,18,7,MI,1,7
328,350,18,17,MI,1,7
339,350,18,27,MI,1,7
348,350,18,37,MI,1,7
349,350,18,47,MI,1,7
350,350,18,58,MI,1,7
350,350,19,8,MI,1,7
349,350,19,18,MI,1,7
346,350,19,28,MI,1,7
350,350,19,38,MI,1,7
336,350,19,48,MI,1,7
326,350,19,58,MI,1,7
317,350,20,8,MI,1,7
299,350,20,18,MI,1,7
290,350,20,28,MI,1,7
280,350,20,38,MI,1,7
256,350,20,48,MI,1,7
234,350,20,58,MI,1,7
205,350,21,8,MI,1,7
184,350,21,18,MI,1,7
166,350,21,28,MI,1,7
154,350,21,38,MI,1,7
135,350,21,48,MI,1,7
105,350,21,58,MI,1,7
57,350,22,8,MI,1,7
36,350,22,18,MI,1,7
35,350,22,28,MI,1,7
35,350,22,38,MI,1,7
35,350,22,48,MI,1,7
35,350,22,58,MI,1,7
35,350,23,8,MI,1,7
35,350,23,18,MI,1,7
35,350,23,28,MI,1,7
35,350,23,38,MI,1,7
35,350,23,48,MI,1,7
35,350,23,58,MI,1,7
35,350,0,9,DO,2,7
35,350,0,19,DO,2,7
35,350,0,29,DO,2,7
35,350,0,39,DO,2,7
35,350,0,49,DO,2,7
35,350,0,59,DO,2,7
0,350,1,9,DO,2,7
0,350,1,19,DO,2,7
0,350,1,29,DO,2,7
0,350,1,39,DO,2,7
0,350,1,49,DO,2,7
0,350,1,59,DO,2,7
0,350,2,9,DO,2,7
0,350,2,19,DO,2,7
0,350,2,29,DO,2,7
0,350,2,39,DO,2,7
0,350,2,49,DO,2,7
0,350,2,59,DO,2,7
0,350,3,9,DO,2,7
0,350,3,19,DO,2,7
0,350,3,29,DO,2,7
0,350,3,39,DO,2,7
0,350,3,49,DO,2,7
0,350,3,59,DO,2,7
0,350,4,9,DO,2,7
0,350,4,19,DO,2,7
0,350,4,29,DO,2,7
0,350,4,39,DO,2,7
0,350,4,49,DO,2,7
0,350,4,59,DO,2,7
0,350,5,9,DO,2,7
0,350,5,19,DO,2,7
0,350,5,30,DO,2,7
0,350,5,40,DO,2,7
0,350,5,50,DO,2,7
0,350,6,0,DO,2,7
0,350,6,10,DO,2,7
0,350,6,20,DO,2,7
0,350,6,30,DO,2,7
0,350,6,40,DO,2,7
0,350,6,50,DO,2,7
0,350,7,0,DO,2,7
0,350,7,10,DO,2,7
0,350,7,21,DO,2,7
0,350,7,31,DO,2,7
0,350,7,41,DO,2,7
0,350,7,51,DO,2,7
8,350,8,1,DO,2,7
8,350,8,11,DO,2,7
8,350,8,21,DO,2,7
9,350,8,31,DO,2,7
9,350,8,41,DO,2,7
8,350,8,51,DO,2,7
14,350,9,1,DO,2,7
39,350,9,11,DO,2,7
57,350,9,21,DO,2,7
71,350,9,31,DO,2,7
78,350,9,41,DO,2,7
99,350,9,51,DO,2,7
107,350,10,1,DO,2,7
115,350,10,11,DO,2,7
132,350,10,21,DO,2,7
133,350,10,31,DO,2,7
142,350,10,41,DO,2,7
147,350,10,52,DO,2,7
153,350,11,2,DO,2,7
154,350,11,12,DO,2,7
167,350,11,22,DO,2,7
169,350,11,32,DO,2,7
174,350,11,42,DO,2,7
177,350,11,52,DO,2,7
181,350,12,2,DO,2,7
183,350,12,12,DO,2,7
176,350,12,22,DO,2,7
166,350,12,32,DO,2,7
162,350,12,42,DO,2,7
159,350,12,52,DO,2,7
158,350,13,2,DO,2,7
152,350,13,12,DO,2,7
152,350,13,22,DO,2,7
144,350,13,32,DO,2,7
140,350,13,42,DO,2,7
143,350,13,52,DO,2,7
152,350,14,2,DO,2,7
150,350,14,12,DO,2,7
155,350,14,22,DO,2,7
162,350,14,32,DO,2,7
180,350,14,42,DO,2,7
182,350,14,52,DO,2,7
192,350,15,2,DO,2,7
197,350,15,12,DO,2,7
214,350,15,22,DO,2,7
231,350,15,32,DO,2,7
244,350,15,42,DO,2,7
248,350,15,52,DO,2,7
239,350,16,3,DO,2,7
235,350,16,13,DO,2,7
238,350,16,23,DO,2,7
249,350,16,33,DO,2,7
252,350,16,43,DO,2,7
248,350,16,53,DO,2,7
250,350,17,3,DO,2,7
255,350,17,13,DO,2,7
263,350,17,23,DO,2,7
270,350,17,33,DO,2,7
285,350,17,43,DO,2,7
296,350,17,53,DO,2,7
317,350,18,3,DO,2,7
330,350,18,13,DO,2,7
330,350,18,23,DO,2,7
339,350,18,33,DO,2,7
338,350,18,43,DO,2,7
337,350,18,53,DO,2,7
338,350,19,3,DO,2,7
338,350,19,13,DO,2,7
336,350,19,23,DO,2,7
327,350,19,33,DO,2,7
315,350,19,43,DO,2,7
309,350,19,53,DO,2,7
313,350,20,3,DO,2,7
303,350,20,13,DO,2,7
302,350,20,23,DO,2,7
292,350,20,33,DO,2,7
274,350,20,43,DO,2,7
261,350,20,53,DO,2,7
244,350,21,4,DO,2,7
233,350,21,14,DO,2,7
214,350,21,24,DO,2,7
201,350,21,34,DO,2,7
194,350,21,44,DO,2,7
172,350,21,54,DO,2,7
139,350,22,4,DO,2,7
93,350,22,14,DO,2,7
93,350,22,24,DO,2,7
93,350,22,34,DO,2,7
93,350,22,44,DO,2,7
93,350,22,54,DO,2,7
93,350,23,4,DO,2,7
93,350,23,14,DO,2,7
93,350,23,24,DO,2,7
93,350,23,34,DO,2,7
93,350,23,44,DO,2,7
93,350,23,54,DO,2,7
93,350,0,4,FR,3,7
93,350,0,14,FR,3,7
93,350,0,24,FR,3,7
93,350,0,34,FR,3,7
93,350,0,44,FR,3,7
93,350,0,54,FR,3,7
0,350,1,4,FR,3,7
0,350,1,14,FR,3,7
0,350,1,24,FR,3,7
0,350,1,34,FR,3,7
0,350,1,44,FR,3,7
0,350,1,54,FR,3,7
0,350,2,4,FR,3,7
0,350,2,14,FR,3,7
0,350,2,24,FR,3,7
0,350,2,34,FR,3,7
0,350,2,44,FR,3,7
0,350,2,54,FR,3,7
0,350,3,4,FR,3,7
0,350,3,14,FR,3,7
0,350,3,24,FR,3,7
0,350,3,34,FR,3,7
0,350,3,45,FR,3,7
0,350,3,55,FR,3,7
0,350,4,5,FR,3,7
0,350,4,15,FR,3,7
0,350,4,25,FR,3,7
0,350,4,35,FR,3,7
0,350,4,45,FR,3,7
0,350,4,55,FR,3,7
0,350,5,5,FR,3,7
0,350,5,15,FR,3,7
0,350,5,25,FR,3,7
0,350,5,35,FR,3,7
0,350,5,45,FR,3,7
0,350,5,55,FR,3,7
0,350,6,5,FR,3,7
0,350,6,15,FR,3,7
0,350,6,25,FR,3,7
0,350,6,35,FR,3,7
0,350,6,45,FR,3,7
0,350,6,55,FR,3,7
0,350,7,5,FR,3,7
0,350,7,15,FR,3,7
0,350,7,25,FR,3,7
0,350,7,35,FR,3,7
0,350,7,45,FR,3,7
0,350,7,56,FR,3,7
0,350,8,6,FR,3,7
0,350,8,16,FR,3,7
1,350,8,26,FR,3,7
0,350,8,36,FR,3,7
0,350,8,46,FR,3,7
0,350,8,56,FR,3,7
33,350,9,6,FR,3,7
62,350,9,16,FR,3,7
80,350,9,26,FR,3,7
98,350,9,36,FR,3,7
109,350,9,46,FR,3,7
120,350,9,56,FR,3,7
127,350,10,6,FR,3,7
145,350,10,16,FR,3,7
158,350,10,26,FR,3,7
166,350,10,36,FR,3,7
177,350,10,46,FR,3,7
182,350,10,56,FR,3,7
198,350,11,6,FR,3,7
211,350,11,16,FR,3,7
227,350,11,26,FR,3,7
225,350,11,36,FR,3,7
223,350,11,46,FR,3,7
215,350,11,56,FR,3,7
219,350,12,6,FR,3,7
229,350,12,16,FR,3,7
224,350,12,26,FR,3,7
226,350,12,36,FR,3,7
220,350,12,46,FR,3,7
205,350,12,56,FR,3,7
199,350,13,6,FR,3,7
204,350,13,16,FR,3,7
209,350,13,27,FR,3,7
204,350,13,38,FR,3,7
196,350,13,48,FR,3,7
184,350,13,58,FR,3,7
199,350,14,8,FR,3,7
200,350,14,18,FR,3,7
213,350,14,28,FR,3,7
207,350,14,38,FR,3,7
208,350,14,48,FR,3,7
214,350,14,58,FR,3,7
230,350,15,8,FR,3,7
246,350,15,18,FR,3,7
252,350,15,28,FR,3,7
259,350,15,38,FR,3,7
277,350,15,48,FR,3,7
281,350,15,58,FR,3,7
286,350,16,8,FR,3,7
289,350,16,18,FR,3,7
298,350,16,28,FR,3,7
297,350,16,38,FR,3,7
290,350,16,48,FR,3,7
294,350,16,58,FR,3,7
300,350,17,8,FR,3,7
312,350,17,18,FR,3,7
298,350,17,28,FR,3,7
292,350,17,38,FR,3,7
280,350,17,48,FR,3,7
274,350,17,58,FR,3,7
276,350,18,8,FR,3,7
272,350,18,19,FR,3,7
274,350,18,29,FR,3,7
277,350,18,39,FR,3,7
282,350,18,49,FR,3,7
276,350,18,59,FR,3,7
285,350,19,10,FR,3,7
278,350,19,20,FR,3,7
278,350,19,30,FR,3,7
274,350,19,40,FR,3,7
269,350,19,50,FR,3,7
247,350,20,0,FR,3,7
256,350,20,10,FR,3,7
250,350,20,20,FR,3,7
238,350,20,30,FR,3,7
221,350,20,40,FR,3,7
206,350,20,50,FR,3,7
196,350,21,0,FR,3,7
182,350,21,10,FR,3,7
173,350,21,20,FR,3,7
161,350,21,30,FR,3,7
150,350,21,40,FR,3,7
138,350,21,50,FR,3,7
110,350,22,1,FR,3,7
82,350,22,11,FR,3,7
71,350,22,21,FR,3,7
71,350,22,31,FR,3,7
71,350,22,41,FR,3,7
71,350,22,51,FR,3,7
71,350,23,1,FR,3,7
71,350,23,11,FR,3,7
71,350,23,21,FR,3,7
71,350,23,31,FR,3,7
71,350,23,41,FR,3,7
71,350,23,51,FR,3,7
71,350,0,1,SA,4,7
71,350,0,11,SA,4,7
71,350,0,21,SA,4,7
71,350,0,31,SA,4,7
71,350,0,41,SA,4,7
71,350,0,51,SA,4,7
0,350,1,1,SA,4,7
0,350,1,11,SA,4,7
0,350,1,21,SA,4,7
0,350,1,31,SA,4,7
0,350,1,41,SA,4,7
0,350,1,51,SA,4,7
0,350,2,1,SA,4,7
0,350,2,11,SA,4,7
0,350,2,21,SA,4,7
0,350,2,31,SA,4,7
0,350,2,41,SA,4,7
0,350,2,51,SA,4,7
0,350,3,1,SA,4,7
0,350,3,11,SA,4,7
0,350,3,21,SA,4,7
0,350,3,31,SA,4,7
0,350,3,41,SA,4,7
0,350,3,51,SA,4,7
0,350,4,1,SA,4,7
0,350,4,11,SA,4,7
0,350,4,21,SA,4,7
0,350,4,31,SA,4,7
0,350,4,41,SA,4,7
0,350,4,51,SA,4,7
0,350,5,1,SA,4,7
0,350,5,11,SA,4,7
0,350,5,21,SA,4,7
0,350,5,31,SA,4,7
0,350,5,42,SA,4,7
0,350,5,52,SA,4,7
0,350,6,2,SA,4,7
0,350,6,12,SA,4,7
0,350,6,22,SA,4,7
0,350,6,32,SA,4,7
0,350,6,42,SA,4,7
0,350,6,52,SA,4,7
0,350,7,2,SA,4,7
0,350,7,12,SA,4,7
0,350,7,22,SA,4,7
0,350,7,32,SA,4,7
0,350,7,42,SA,4,7
0,350,7,52,SA,4,7
0,350,8,2,SA,4,7
0,350,8,12,SA,4,7
0,350,8,22,SA,4,7
0,350,8,32,SA,4,7
0,350,8,42,SA,4,7
0,350,8,52,SA,4,7
8,350,9,2,SA,4,7
20,350,9,12,SA,4,7
35,350,9,22,SA,4,7
47,350,9,32,SA,4,7
55,350,9,42,SA,4,7
63,350,9,52,SA,4,7
73,350,10,2,SA,4,7
90,350,10,13,SA,4,7
99,350,10,23,SA,4,7
107,350,10,33,SA,4,7
123,350,10,43,SA,4,7
128,350,10,53,SA,4,7
126,350,11,3,SA,4,7
124,350,11,13,SA,4,7
131,350,11,23,SA,4,7
139,350,11,33,SA,4,7
140,350,11,43,SA,4,7
138,350,11,53,SA,4,7
143,350,12,3,SA,4,7
140,350,12,13,SA,4,7
136,350,12,24,SA,4,7
133,350,12,34,SA,4,7
132,350,12,44,SA,4,7
125,350,12,54,SA,4,7
116,350,13,4,SA,4,7
113,350,13,14,SA,4,7
107,350,13,24,SA,4,7
103,350,13,34,SA,4,7
93,350,13,44,SA,4,7
80,350,13,54,SA,4,7
79,350,14,4,SA,4,7
75,350,14,14,SA,4,7
67,350,14,24,SA,4,7
68,350,14,34,SA,4,7
76,350,14,44,SA,4,7
71,350,14,54,SA,4,7
69,350,15,4,SA,4,7
73,350,15,14,SA,4,7
67,350,15,24,SA,4,7
62,350,15,34,SA,4,7
65,350,15,44,SA,4,7
64,350,15,54,SA,4,7
65,350,16,4,SA,4,7
64,350,16,14,SA,4,7
63,350,16,24,SA,4,7
66,350,16,34,SA,4,7
66,350,16,44,SA,4,7
73,350,16,54,SA,4,7
63,350,17,4,SA,4,7
50,350,17,14,SA,4,7
45,350,17,24,SA,4,7
43,350,17,34,SA,4,7
48,350,17,44,SA,4,7
49,350,17,54,SA,4,7
46,350,18,4,SA,4,7
49,350,18,14,SA,4,7
45,350,18,25,SA,4,7
47,350,18,35,SA,4,7
48,350,18,46,SA,4,7
45,350,18,56,SA,4,7
46,350,19,6,SA,4,7
48,350,19,16,SA,4,7
49,350,19,26,SA,4,7
49,350,19,36,SA,4,7
51,350,19,46,SA,4,7
51,350,19,56,SA,4,7
50,350,20,6,SA,4,7
52,350,20,16,SA,4,7
51,350,20,26,SA,4,7
47,350,20,36,SA,4,7
44,350,20,46,SA,4,7
45,350,20,57,SA,4,7
43,350,21,7,SA,4,7
39,350,21,17,SA,4,7
39,350,21,27,SA,4,7
36,350,21,37,SA,4,7
27,350,21,47,SA,4,7
23,350,21,57,SA,4,7
15,350,22,7,SA,4,7
12,350,22,17,SA,4,7
12,350,22,27,SA,4,7
12,350,22,37,SA,4,7
12,350,22,47,SA,4,7
12,350,22,57,SA,4,7
12,350,23,7,SA,4,7
12,350,23,17,SA,4,7
12,350,23,27,SA,4,7
12,350,23,37,SA,4,7
12,350,23,47,SA,4,7
12,350,23,57,SA,4,7
12,350,0,7,SO,5,7
12,350,0,17,SO,5,7
12,350,0,27,SO,5,7
12,350,0,37,SO,5,7
12,350,0,47,SO,5,7
12,350,0,57,SO,5,7
0,350,1,7,SO,5,7
0,350,1,17,SO,5,7
0,350,1,27,SO,5,7
0,350,1,37,SO,5,7
0,350,1,47,SO,5,7
0,350,1,57,SO,5,7
0,350,2,7,SO,5,7
0,350,2,17,SO,5,7
0,350,2,27,SO,5,7
0,350,2,37,SO,5,7
0,350,2,47,SO,5,7
0,350,2,57,SO,5,7
0,350,3,8,SO,5,7
0,350,3,18,SO,5,7
0,350,3,28,SO,5,7
0,350,3,38,SO,5,7
0,350,3,48,SO,5,7
0,350,3,58,SO,5,7
0,350,4,8,SO,5,7
0,350,4,18,SO,5,7
0,350,4,28,SO,5,7
0,350,4,38,SO,5,7
0,350,4,48,SO,5,7
0,350,4,58,SO,5,7
0,350,5,8,SO,5,7
0,350,5,18,SO,5,7
0,350,5,28,SO,5,7
0,350,5,38,SO,5,7
0,350,5,48,SO,5,7
0,350,5,58,SO,5,7
0,350,6,8,SO,5,7
0,350,6,18,SO,5,7
0,350,6,28,SO,5,7
0,350,6,38,SO,5,7
0,350,6,48,SO,5,7
0,350,6,58,SO,5,7
0,350,7,8,SO,5,7
0,350,7,18,SO,5,7
0,350,7,28,SO,5,7
0,350,7,38,SO,5,7
0,350,7,49,SO,5,7
0,350,7,59,SO,5,7
0,350,8,9,SO,5,7
0,350,8,19,SO,5,7
0,350,8,29,SO,5,7
0,350,8,39,SO,5,7
0,350,8,49,SO,5,7
0,350,8,59,SO,5,7
25,350,9,9,SO,5,7
30,350,9,19,SO,5,7
39,350,9,29,SO,5,7
48,350,9,39,SO,5,7
57,350,9,49,SO,5,7
69,350,9,59,SO,5,7
86,350,10,9,SO,5,7
93,350,10,19,SO,5,7
105,350,10,29,SO,5,7
111,350,10,39,SO,5,7
105,350,10,49,SO,5,7
111,350,10,59,SO,5,7
116,350,11,9,SO,5,7
112,350,11,19,SO,5,7
114,350,11,29,SO,5,7
114,350,11,39,SO,5,7
111,350,11,50,SO,5,7
105,350,12,0,SO,5,7
92,350,12,10,SO,5,7
80,350,12,20,SO,5,7
75,350,12,30,SO,5,7
68,350,12,40,SO,5,7
59,350,12,50,SO,5,7
58,350,13,0,SO,5,7
61,350,13,10,SO,5,7
58,350,13,20,SO,5,7
56,350,13,30,SO,5,7
58,350,13,40,SO,5,7
57,350,13,50,SO,5,7
50,350,14,0,SO,5,7
50,350,14,10,SO,5,7
50,350,14,20,SO,5,7
46,350,14,30,SO,5,7
46,350,14,40,SO,5,7
48,350,14,50,SO,5,7
49,350,15,0,SO,5,7
48,350,15,10,SO,5,7
45,350,15,20,SO,5,7
45,350,15,30,SO,5,7
45,350,15,40,SO,5,7
48,350,15,50,SO,5,7
55,350,16,0,SO,5,7
54,350,16,10,SO,5,7
52,350,16,20,SO,5,7
52,350,16,30,SO,5,7
51,350,16,40,SO,5,7
47,350,16,50,SO,5,7
48,350,17,0,SO,5,7
53,350,17,10,SO,5,7
61,350,17,20,SO,5,7
52,350,17,30,SO,5,7
59,350,17,40,SO,5,7
62,350,17,50,SO,5,7
73,350,18,0,SO,5,7
76,350,18,10,SO,5,7
76,350,18,20,SO,5,7
79,350,18,31,SO,5,7
82,350,18,41,SO,5,7
83,350,18,51,SO,5,7
86,350,19,1,SO,5,7
82,350,19,11,SO,5,7
83,350,19,21,SO,5,7
87,350,19,32,SO,5,7
86,350,19,42,SO,5,7
79,350,19,52,SO,5,7
77,350,20,2,SO,5,7
81,350,20,12,SO,5,7
89,350,20,22,SO,5,7
87,350,20,32,SO,5,7
90,350,20,42,SO,5,7
87,350,20,52,SO,5,7
85,350,21,2,SO,5,7
80,350,21,12,SO,5,7
77,350,21,22,SO,5,7
69,350,21,32,SO,5,7
69,350,21,42,SO,5,7
59,350,21,52,SO,5,7
42,350,22,2,SO,5,7
31,350,22,12,SO,5,7
30,350,22,22,SO,5,7
30,350,22,32,SO,5,7
30,350,22,42,SO,5,7
30,350,22,52,SO,5,7
30,350,23,2,SO,5,7
30,350,23,12,SO,5,7
30,350,23,22,SO,5,7
30,350,23,32,SO,5,7
30,350,23,42,SO,5,7
30,350,23,52,SO,5,7
30,350,0,2,MO,6,7
30,350,0,12,MO,6,7
30,350,0,22,MO,6,7
30,350,0,32,MO,6,7
30,350,0,42,MO,6,7
30,350,0,52,MO,6,7
0,350,1,2,MO,6,7
0,350,1,12,MO,6,7
0,350,1,22,MO,6,7
0,350,1,32,MO,6,7
0,350,1,42,MO,6,7
0,350,1,52,MO,6,7
0,350,2,2,MO,6,7
0,350,2,12,MO,6,7
0,350,2,22,MO,6,7
0,350,2,33,MO,6,7
0,350,2,43,MO,6,7
0,350,2,53,MO,6,7
0,350,3,3,MO,6,7
0,350,3,13,MO,6,7
0,350,3,23,MO,6,7
0,350,3,33,MO,6,7
0,350,3,43,MO,6,7
0,350,3,53,MO,6,7
0,350,4,3,MO,6,7
0,350,4,13,MO,6,7
0,350,4,23,MO,6,7
0,350,4,33,MO,6,7
0,350,4,43,MO,6,7
0,350,4,53,MO,6,7
0,350,5,3,MO,6,7
0,350,5,13,MO,6,7
0,350,5,23,MO,6,7
0,350,5,33,MO,6,7
0,350,5,43,MO,6,7
0,350,5,53,MO,6,7
0,350,6,3,MO,6,7
0,350,6,13,MO,6,7
0,350,6,23,MO,6,7
0,350,6,33,MO,6,7
0,350,6,43,MO,6,7
0,350,6,53,MO,6,7
0,350,7,3,MO,6,7
0,350,7,13,MO,6,7
0,350,7,23,MO,6,7
0,350,7,33,MO,6,7
0,350,7,43,MO,6,7
0,350,7,53,MO,6,7
0,350,8,3,MO,6,7
0,350,8,14,MO,6,7
0,350,8,24,MO,6,7
0,350,8,34,MO,6,7
0,350,8,44,MO,6,7
0,350,8,54,MO,6,7
15,350,9,4,MO,6,7
28,350,9,14,MO,6,7
37,350,9,24,MO,6,7
41,350,9,34,MO,6,7
45,350,9,44,MO,6,7
50,350,9,54,MO,6,7
60,350,10,4,MO,6,7
71,350,10,14,MO,6,7
73,350,10,24,MO,6,7
85,350,10,34,MO,6,7
85,350,10,44,MO,6,7
84,350,10,54,MO,6,7
86,350,11,4,MO,6,7
88,350,11,14,MO,6,7
83,350,11,24,MO,6,7
82,350,11,34,MO,6,7
81,350,11,44,MO,6,7
81,350,11,54,MO,6,7
72,350,12,4,MO,6,7
74,350,12,14,MO,6,7
64,350,12,24,MO,6,7
62,350,12,35,MO,6,7
67,350,12,45,MO,6,7
74,350,12,55,MO,6,7
86,350,13,5,MO,6,7
82,350,13,15,MO,6,7
78,350,13,25,MO,6,7
75,350,13,35,MO,6,7
73,350,13,45,MO,6,7
71,350,13,55,MO,6,7
73,350,14,5,MO,6,7
77,350,14,15,MO,6,7
79,350,14,25,MO,6,7
84,350,14,35,MO,6,7
91,350,14,45,MO,6,7
94,350,14,55,MO,6,7
94,350,15,5,MO,6,7
96,350,15,15,MO,6,7
103,350,15,25,MO,6,7
108,350,15,35,MO,6,7
119,350,15,45,MO,6,7
129,350,15,55,MO,6,7
135,350,16,5,MO,6,7
140,350,16,15,MO,6,7
140,350,16,25,MO,6,7
154,350,16,35,MO,6,7
170,350,16,45,MO,6,7
174,350,16,55,MO,6,7
209,350,17,5,MO,6,7
222,350,17,15,MO,6,7
210,350,17,25,MO,6,7
218,350,17,35,MO,6,7
225,350,17,45,MO,6,7
230,350,17,56,MO,6,7
242,350,18,6,MO,6,7
253,350,18,16,MO,6,7
256,350,18,26,MO,6,7
255,350,18,36,MO,6,7
245,350,18,46,MO,6,7
245,350,18,56,MO,6,7
227,350,19,6,MO,6,7
234,350,19,16,MO,6,7
237,350,19,26,MO,6,7
234,350,19,36,MO,6,7
226,350,19,47,MO,6,7
235,350,19,57,MO,6,7
220,350,20,7,MO,6,7
228,350,20,17,MO,6,7
222,350,20,27,MO,6,7
218,350,20,37,MO,6,7
213,350,20,47,MO,6,7
202,350,20,57,MO,6,7
197,350,21,7,MO,6,7
176,350,21,17,MO,6,7
170,350,21,27,MO,6,7
162,350,21,37,MO,6,7
150,350,21,47,MO,6,7
138,350,21,57,MO,6,7
109,350,22,7,MO,6,7
94,350,22,17,MO,6,7
92,350,22,27,MO,6,7
91,350,22,37,MO,6,7
91,350,22,47,MO,6,7
91,350,22,57,MO,6,7
91,350,23,7,MO,6,7
91,350,23,17,MO,6,7
91,350,23,27,MO,6,7
91,350,23,37,MO,6,7
91,350,23,47,MO,6,7
91,350,23,57,MO,6,7
91,350,0,7,DI,7,7
91,350,0,17,DI,7,7
91,350,0,27,DI,7,7
91,350,0,37,DI,7,7
91,350,0,47,DI,7,7
91,350,0,57,DI,7,7
0,350,1,7,DI,7,7
0,350,1,17,DI,7,7
0,350,1,27,DI,7,7
0,350,1,37,DI,7,7
0,350,1,47,DI,7,7
0,350,1,58,DI,7,7
0,350,2,8,DI,7,7
0,350,2,18,DI,7,7
0,350,2,28,DI,7,7
0,350,2,38,DI,7,7
0,350,2,48,DI,7,7
0,350,2,58,DI,7,7
0,350,3,8,DI,7,7
0,350,3,18,DI,7,7
0,350,3,28,DI,7,7
0,350,3,38,DI,7,7
0,350,3,48,DI,7,7
0,350,3,58,DI,7,7
0,350,4,8,DI,7,7
0,350,4,18,DI,7,7
0,350,4,28,DI,7,7
0,350,4,38,DI,7,7
0,350,4,48,DI,7,7
0,350,4,58,DI,7,7
0,350,5,8,DI,7,7
0,350,5,18,DI,7,7
0,350,5,28,DI,7,7
0,350,5,38,DI,7,7
0,350,5,48,DI,7,7
0,350,5,58,DI,7,7
0,350,6,8,DI,7,7
0,350,6,18,DI,7,7
0,350,6,28,DI,7,7
0,350,6,38,DI,7,7
0,350,6,48,DI,7,7
0,350,6,58,DI,7,7
0,350,7,8,DI,7,7
0,350,7,18,DI,7,7
3,350,7,28,DI,7,7
4,350,7,39,DI,7,7
5,350,7,49,DI,7,7
5,350,7,59,DI,7,7
22,350,8,9,DI,7,7
22,350,8,19,DI,7,7
22,350,8,29,DI,7,7
22,350,8,39,DI,7,7
21,350,8,49,DI,7,7
21,350,8,59,DI,7,7
50,350,9,9,DI,7,7
61,350,9,19,DI,7,7
71,350,9,29,DI,7,7
76,350,9,39,DI,7,7
81,350,9,49,DI,7,7
100,350,9,59,DI,7,7
109,350,10,9,DI,7,7
111,350,10,20,DI,7,7
114,350,10,30,DI,7,7
116,350,10,40,DI,7,7
127,350,10,50,DI,7,7
135,350,11,0,DI,7,7
134,350,11,10,DI,7,7
131,350,11,20,DI,7,7
129,350,11,30,DI,7,7
133,350,11,40,DI,7,7
128,350,11,50,DI,7,7
120,350,12,0,DI,7,7
119,350,12,10,DI,7,7
114,350,12,20,DI,7,7
115,350,12,30,DI,7,7
39,350,12,40,DI,7,7
36,350,12,50,DI,7,7
28,350,13,0,DI,7,7
16,350,13,10,DI,7,7
16,350,13,20,DI,7,7
10,350,13,30,DI,7,7
11,350,13,40,DI,7,7
10,350,13,50,DI,7,7
9,350,14,0,DI,7,7
14,350,14,10,DI,7,7
18,350,14,20,DI,7,7
19,350,14,30,DI,7,7
23,350,14,41,DI,7,7
26,350,14,51,DI,7,7
30,350,15,1,DI,7,7
37,350,15,11,DI,7,7
40,350,15,21,DI,7,7
43,350,15,31,DI,7,7
49,350,15,41,DI,7,7
59,350,15,51,DI,7,7
66,350,16,1,DI,7,7
85,350,16,11,DI,7,7
95,350,16,21,DI,7,7
101,350,16,31,DI,7,7
112,350,16,41,DI,7,7
128,350,16,51,DI,7,7
132,350,17,1,DI,7,7
139,350,17,11,DI,7,7
150,350,17,21,DI,7,7
153,350,17,31,DI,7,7
180,350,17,41,DI,7,7
187,350,17,51,DI,7,7
190,350,18,1,DI,7,7
202,350,18,11,DI,7,7
210,350,18,21,DI,7,7
216,350,18,31,DI,7,7
229,350,18,41,DI,7,7
242,350,18,51,DI,7,7
247,350,19,1,DI,7,7
267,350,19,11,DI,7,7
267,350,19,21,DI,7,7
256,350,19,31,DI,7,7
248,350,19,41,DI,7,7
243,350,19,51,DI,7,7
228,350,20,1,DI,7,7
223,350,20,11,DI,7,7
212,350,20,21,DI,7,7
210,350,20,31,DI,7,7
203,350,20,41,DI,7,7
184,350,20,52,DI,7,7
170,350,21,2,DI,7,7
159,350,21,12,DI,7,7
151,350,21,22,DI,7,7
136,350,21,32,DI,7,7
116,350,21,42,DI,7,7
80,350,21,52,DI,7,7
37,350,22,2,DI,7,7
16,350,22,12,DI,7,7
11,350,22,22,DI,7,7
11,350,22,32,DI,7,7
11,350,22,42,DI,7,7
11,350,22,52,DI,7,7
11,350,23,2,DI,7,7
11,350,23,12,DI,7,7
11,350,23,22,DI,7,7
11,350,23,32,DI,7,7
11,350,23,42,DI,7,7
11,350,23,52,DI,7,7
11,350,0,2,MI,8,7
11,350,0,12,MI,8,7
11,350,0,22,MI,8,7
11,350,0,32,MI,8,7
11,350,0,42,MI,8,7
11,350,0,52,MI,8,7
11,350,1,2,MI,8,7
11,350,1,12,MI,8,7
11,350,1,22,MI,8,7
11,350,1,32,MI,8,7
11,350,1,42,MI,8,7
11,350,1,52,MI,8,7
11,350,2,2,MI,8,7
11,350,2,12,MI,8,7
11,350,2,22,MI,8,7
11,350,2,32,MI,8,7
11,350,2,42,MI,8,7
11,350,2,52,MI,8,7
11,350,3,2,MI,8,7
11,350,3,12,MI,8,7
11,350,3,22,MI,8,7
11,350,3,32,MI,8,7
11,350,3,42,MI,8,7
11,350,3,52,MI,8,7
11,350,4,2,MI,8,7
11,350,4,12,MI,8,7
11,350,4,22,MI,8,7
11,350,4,32,MI,8,7
11,350,4,43,MI,8,7
11,350,4,53,MI,8,7
11,350,5,3,MI,8,7
11,350,5,13,MI,8,7
11,350,5,23,MI,8,7
11,350,5,33,MI,8,7
11,350,5,43,MI,8,7
11,350,5,53,MI,8,7
11,350,6,3,MI,8,7
11,350,6,13,MI,8,7
11,350,6,23,MI,8,7
11,350,6,33,MI,8,7
11,350,6,43,MI,8,7
11,350,6,53,MI,8,7
11,350,7,3,MI,8,7
11,350,7,13,MI,8,7
11,350,7,23,MI,8,7
11,350,7,33,MI,8,7
11,350,7,43,MI,8,7
11,350,7,53,MI,8,7
11,350,8,3,MI,8,7
11,350,8,13,MI,8,7
11,350,8,23,MI,8,7
11,350,8,33,MI,8,7
11,350,8,43,MI,8,7
11,350,8,53,MI,8,7
11,350,9,3,MI,8,7
11,350,9,13,MI,8,7
11,350,9,23,MI,8,7
11,350,9,34,MI,8,7
11,350,9,44,MI,8,7
11,350,9,54,MI,8,7
11,350,10,4,MI,8,7
11,350,10,14,MI,8,7
11,350,10,24,MI,8,7
11,350,10,34,MI,8,7
11,350,10,44,MI,8,7
11,350,10,54,MI,8,7
11,350,11,4,MI,8,7
11,350,11,14,MI,8,7
11,350,11,24,MI,8,7
11,350,11,34,MI,8,7
11,350,11,44,MI,8,7
11,350,11,54,MI,8,7
11,350,12,4,MI,8,7
11,350,12,14,MI,8,7
11,350,12,24,MI,8,7
11,350,12,34,MI,8,7
11,350,12,44,MI,8,7
11,350,12,54,MI,8,7
11,350,13,4,MI,8,7
11,350,13,14,MI,8,7
11,350,13,24,MI,8,7
11,350,13,34,MI,8,7
11,350,13,44,MI,8,7
112,350,13,54,MI,8,7
116,350,14,4,MI,8,7
127,350,14,14,MI,8,7
127,350,14,24,MI,8,7
126,350,14,34,MI,8,7
120,350,14,44,MI,8,7
125,350,14,54,MI,8,7
124,350,15,4,MI,8,7
125,350,15,14,MI,8,7
124,350,15,24,MI,8,7
124,350,15,35,MI,8,7
128,350,15,45,MI,8,7
125,350,15,55,MI,8,7
134,350,16,5,MI,8,7
134,350,16,15,MI,8,7
143,350,16,25,MI,8,7
165,350,16,35,MI,8,7
161,350,16,45,MI,8,7
172,350,16,55,MI,8,7
188,350,17,5,MI,8,7
206,350,17,15,MI,8,7
225,350,17,25,MI,8,7
235,350,17,35,MI,8,7
244,350,17,45,MI,8,7
255,350,17,55,MI,8,7
274,350,18,5,MI,8,7
292,350,18,15,MI,8,7
294,350,18,25,MI,8,7
288,350,18,35,MI,8,7
288,350,18,45,MI,8,7
295,350,18,56,MI,8,7
299,350,19,6,MI,8,7
296,350,19,16,MI,8,7
290,350,19,26,MI,8,7
306,350,19,36,MI,8,7
291,350,19,46,MI,8,7
284,350,19,56,MI,8,7
288,350,20,6,MI,8,7
273,350,20,16,MI,8,7
261,350,20,26,MI,8,7
259,350,20,36,MI,8,7
250,350,20,46,MI,8,7
240,350,20,56,MI,8,7
224,350,21,6,MI,8,7
206,350,21,16,MI,8,7
191,350,21,26,MI,8,7
174,350,21,36,MI,8,7
157,350,21,46,MI,8,7
127,350,21,56,MI,8,7
105,350,22,6,MI,8,7
88,350,22,16,MI,8,7
83,350,22,26,MI,8,7
83,350,22,36,MI,8,7
83,350,22,46,MI,8,7
83,350,22,56,MI,8,7
83,350,23,6,MI,8,7
83,350,23,16,MI,8,7
83,350,23,26,MI,8,7
83,350,23,36,MI,8,7
83,350,23,46,MI,8,7
83,350,23,57,MI,8,7
83,350,0,7,DO,9,7
83,350,0,17,DO,9,7
83,350,0,27,DO,9,7
83,350,0,37,DO,9,7
83,350,0,47,DO,9,7
83,350,0,57,DO,9,7
0,350,1,7,DO,9,7
0,350,1,17,DO,9,7
0,350,1,27,DO,9,7
0,350,1,37,DO,9,7
0,350,1,47,DO,9,7
0,350,1,57,DO,9,7
0,350,2,7,DO,9,7
0,350,2,17,DO,9,7
0,350,2,27,DO,9,7
0,350,2,37,DO,9,7
0,350,2,47,DO,9,7
0,350,2,57,DO,9,7
0,350,3,7,DO,9,7
0,350,3,17,DO,9,7
0,350,3,27,DO,9,7
0,350,3,37,DO,9,7
0,350,3,47,DO,9,7
0,350,3,57,DO,9,7
0,350,4,7,DO,9,7
0,350,4,17,DO,9,7
0,350,4,27,DO,9,7
0,350,4,37,DO,9,7
0,350,4,47,DO,9,7
0,350,4,57,DO,9,7
0,350,5,7,DO,9,7
0,350,5,17,DO,9,7
0,350,5,27,DO,9,7
0,350,5,37,DO,9,7
0,350,5,47,DO,9,7
0,350,5,57,DO,9,7
0,350,6,8,DO,9,7
0,350,6,18,DO,9,7
0,350,6,28,DO,9,7
0,350,6,38,DO,9,7
0,350,6,48,DO,9,7
0,350,6,58,DO,9,7
2,350,7,8,DO,9,7
2,350,7,18,DO,9,7
3,350,7,28,DO,9,7
13,350,7,38,DO,9,7
18,350,7,48,DO,9,7
22,350,7,58,DO,9,7
43,350,8,8,DO,9,7
43,350,8,18,DO,9,7
43,350,8,28,DO,9,7
43,350,8,38,DO,9,7
40,350,8,48,DO,9,7
39,350,8,58,DO,9,7
50,350,9,8,DO,9,7
70,350,9,19,DO,9,7
79,350,9,29,DO,9,7
85,350,9,39,DO,9,7
85,350,9,49,DO,9,7
82,350,9,59,DO,9,7
87,350,10,9,DO,9,7
94,350,10,19,DO,9,7
102,350,10,29,DO,9,7
109,350,10,39,DO,9,7
108,350,10,49,DO,9,7
110,350,10,59,DO,9,7
118,350,11,9,DO,9,7
115,350,11,19,DO,9,7
132,350,11,29,DO,9,7
128,350,11,39,DO,9,7
125,350,11,49,DO,9,7
129,350,11,59,DO,9,7
122,350,12,9,DO,9,7
128,350,12,19,DO,9,7
127,350,12,29,DO,9,7
124,350,12,39,DO,9,7
125,350,12,49,DO,9,7
121,350,12,59,DO,9,7
104,350,13,9,DO,9,7
104,350,13,19,DO,9,7
100,350,13,29,DO,9,7
101,350,13,39,DO,9,7
93,350,13,49,DO,9,7
89,350,13,59,DO,9,7
89,350,14,9,DO,9,7
89,350,14,19,DO,9,7
88,350,14,30,DO,9,7
87,350,14,40,DO,9,7
78,350,14,50,DO,9,7
78,350,15,0,DO,9,7
79,350,15,10,DO,9,7
84,350,15,20,DO,9,7
99,350,15,30,DO,9,7
102,350,15,40,DO,9,7
107,350,15,50,DO,9,7
109,350,16,0,DO,9,7
117,350,16,10,DO,9,7
121,350,16,20,DO,9,7
129,350,16,30,DO,9,7
131,350,16,40,DO,9,7
144,350,16,50,DO,9,7
157,350,17,0,DO,9,7
164,350,17,10,DO,9,7
172,350,17,20,DO,9,7
177,350,17,30,DO,9,7
171,350,17,40,DO,9,7
178,350,17,50,DO,9,7
193,350,18,0,DO,9,7
201,350,18,10,DO,9,7
213,350,18,20,DO,9,7
220,350,18,30,DO,9,7
215,350,18,40,DO,9,7
209,350,18,50,DO,9,7
216,350,19,1,DO,9,7
225,350,19,11,DO,9,7
227,350,19,21,DO,9,7
225,350,19,31,DO,9,7
230,350,19,41,DO,9,7
232,350,19,51,DO,9,7
235,350,20,1,DO,9,7
244,350,20,11,DO,9,7
240,350,20,21,DO,9,7
234,350,20,31,DO,9,7
219,350,20,41,DO,9,7
203,350,20,51,DO,9,7
201,350,21,1,DO,9,7
190,350,21,11,DO,9,7
174,350,21,21,DO,9,7
164,350,21,31,DO,9,7
152,350,21,41,DO,9,7
139,350,21,51,DO,9,7
113,350,22,1,DO,9,7
103,350,22,11,DO,9,7
98,350,22,21,DO,9,7
98,350,22,31,DO,9,7
99,350,22,41,DO,9,7
98,350,22,51,DO,9,7
98,350,23,1,DO,9,7
98,350,23,11,DO,9,7
98,350,23,21,DO,9,7
98,350,23,31,DO,9,7
98,350,23,41,DO,9,7
98,350,23,51,DO,9,7
98,350,0,1,FR,10,7
98,350,0,11,FR,10,7
98,350,0,22,FR,10,7
98,350,0,32,FR,10,7
98,350,0,42,FR,10,7
98,350,0,52,FR,10,7
98,350,1,2,FR,10,7
98,350,1,12,FR,10,7
98,350,1,22,FR,10,7
98,350,1,32,FR,10,7
98,350,1,43,FR,10,7
98,350,1,53,FR,10,7
98,350,2,3,FR,10,7
98,350,2,13,FR,10,7
98,350,2,23,FR,10,7
98,350,2,33,FR,10,7
98,350,2,43,FR,10,7
98,350,2,53,FR,10,7
98,350,3,3,FR,10,7
98,350,3,13,FR,10,7
98,350,3,23,FR,10,7
98,350,3,33,FR,10,7
98,350,3,43,FR,10,7
98,350,3,53,FR,10,7
98,350,4,3,FR,10,7
98,350,4,13,FR,10,7
98,350,4,23,FR,10,7
98,350,4,33,FR,10,7
98,350,4,43,FR,10,7
98,350,4,53,FR,10,7
98,350,5,3,FR,10,7
98,350,5,13,FR,10,7
98,350,5,23,FR,10,7
98,350,5,33,FR,10,7
98,350,5,43,FR,10,7
98,350,5,53,FR,10,7
98,350,6,3,FR,10,7
98,350,6,13,FR,10,7
98,350,6,23,FR,10,7
98,350,6,33,FR,10,7
98,350,6,43,FR,10,7
98,350,6,53,FR,10,7
98,350,7,4,FR,10,7
98,350,7,14,FR,10,7
98,350,7,24,FR,10,7
98,350,7,34,FR,10,7
98,350,7,44,FR,10,7
98,350,7,54,FR,10,7
102,350,8,4,FR,10,7
116,350,8,14,FR,10,7
118,350,8,24,FR,10,7
120,350,8,34,FR,10,7
119,350,8,44,FR,10,7
119,350,8,54,FR,10,7
130,350,9,4,FR,10,7
150,350,9,14,FR,10,7
174,350,9,24,FR,10,7
194,350,9,34,FR,10,7
203,350,9,44,FR,10,7
218,350,9,54,FR,10,7
225,350,10,4,FR,10,7
230,350,10,14,FR,10,7
232,350,10,24,FR,10,7
236,350,10,34,FR,10,7
240,350,10,44,FR,10,7
217,300,11,10,SA,17,10
